<?xml version="1.0" encoding="UTF-8"?><publish:project xmlns:publish="http://www.ibm.com/Rational/XTools/Publish" name="Elementos publicados" publishBannerPath="overview_banner.jpg"><publish:link name="UMLModel" publish:filename="content/_VF.l.aMD.l8E.e.i7.y9.jAWNC.kB.g_root.html"/><publish:link name="es" publish:filename="content/_9.v.l.y.oD.oUE.e.iX.h7.aUW1DK7.g_root.html"/><publish:link name="ucm" publish:filename="content/_9.v.l.y.oT.oUE.e.iX.h7.aUW1DK7.g_root.html"/><publish:link name="fdi" publish:filename="content/_9.v.l.y.o.j.oUE.e.iX.h7.aUW1DK7.g_root.html"/><publish:link name="connectivity" publish:filename="content/_9.v0.cI.j.oUE.e.iX.h7.aUW1DK7.g_root.html"/><publish:link name="datos" publish:filename="content/_9.wM2.oD.oUE.e.iX.h7.aUW1DK7.g_root.html"/><publish:link name="exceptions" publish:filename="content/_9.wB3.gT.oUE.e.iX.h7.aUW1DK7.g_root.html"/><publish:link name="users" publish:filename="content/_9.v.t.u.c.j.oUE.e.iX.h7.aUW1DK7.g_root.html"/><publish:link name="util" publish:filename="content/_9.v.o18.j.oUE.e.iX.h7.aUW1DK7.g_root.html"/><publish:link name="workspace" publish:filename="content/_9.v.l.y.o.z.oUE.e.iX.h7.aUW1DK7.g_root.html"/></publish:project>