<?xml version="1.0" encoding="UTF-8"?><publish:elements xmlns:publish="http://www.ibm.com/Rational/XTools/Publish" xmlns:xmi="http://www.omg.org/XMI" xmlns:xsi="http://www.w3.org/2001/XMLSchema-instance"><publish:element name="MultiTreeMap" publish:icon="-26848688_icon.png" publish:qualifiedname="UMLModel::es::ucm::fdi::util::MultiTreeMap" xmi:id="_9.v.o18.z.oUE.e.iX.h7.aUW1DK7.g" xsi:type="uml:Class"/><publish:element publish:icon="137316816_icon.png" publish:qualifiedname="UMLModel::es::ucm::fdi::util::MultiTreeMap::&lt;RedefinableTemplateSignature&gt;" xmi:id="_9.v.p.dAT.oUE.e.iX.h7.aUW1DK7.g" xsi:type="uml:RedefinableTemplateSignature"/><publish:element name="K" publish:icon="-26848688_icon.png" publish:qualifiedname="UMLModel::es::ucm::fdi::util::MultiTreeMap::&lt;RedefinableTemplateSignature&gt;::&lt;ClassifierTemplateParameter&gt;::K" xmi:id="_9.v.p.dA.z.oUE.e.iX.h7.aUW1DK7.g" xsi:type="uml:Class"/><publish:element name="V" publish:icon="-26848688_icon.png" publish:qualifiedname="UMLModel::es::ucm::fdi::util::MultiTreeMap::&lt;RedefinableTemplateSignature&gt;::&lt;ClassifierTemplateParameter&gt;::V" xmi:id="_9.v.qEED.oUE.e.iX.h7.aUW1DK7.g" xsi:type="uml:Class"/><publish:element name="get" publish:icon="137329536_icon.png" publish:qualifiedname="UMLModel::es::ucm::fdi::util::MultiTreeMap::InnerList::get" xmi:id="_9.w.l4MD.oUE.e.iX.h7.aUW1DK7.g" xsi:type="uml:Operation"/><publish:element name="size" publish:icon="137329536_icon.png" publish:qualifiedname="UMLModel::es::ucm::fdi::util::MultiTreeMap::InnerList::size" xmi:id="_9.w.n.tYD.oUE.e.iX.h7.aUW1DK7.g" xsi:type="uml:Operation"/><publish:element name="InnerIterator" publish:icon="137356512_icon.png" publish:qualifiedname="UMLModel::es::ucm::fdi::util::MultiTreeMap::InnerIterator::InnerIterator" xmi:id="_9.w.vCID.oUE.e.iX.h7.aUW1DK7.g" xsi:type="uml:Operation"/><publish:element name="advance" publish:icon="137356512_icon.png" publish:qualifiedname="UMLModel::es::ucm::fdi::util::MultiTreeMap::InnerIterator::advance" xmi:id="_9.w.v.pMD.oUE.e.iX.h7.aUW1DK7.g" xsi:type="uml:Operation"/><publish:element name="hasNext" publish:icon="137329536_icon.png" publish:qualifiedname="UMLModel::es::ucm::fdi::util::MultiTreeMap::InnerIterator::hasNext" xmi:id="_9.w.v.pMT.oUE.e.iX.h7.aUW1DK7.g" xsi:type="uml:Operation"/><publish:element name="next" publish:icon="137329536_icon.png" publish:qualifiedname="UMLModel::es::ucm::fdi::util::MultiTreeMap::InnerIterator::next" xmi:id="_9.w.x.eYD.oUE.e.iX.h7.aUW1DK7.g" xsi:type="uml:Operation"/><publish:element name="MultiTreeMap" publish:icon="137329536_icon.png" publish:qualifiedname="UMLModel::es::ucm::fdi::util::MultiTreeMap::MultiTreeMap" xmi:id="_9.yA0.g.j.oUE.e.iX.h7.aUW1DK7.g" xsi:type="uml:Operation"/><publish:element name="MultiTreeMap" publish:icon="137329536_icon.png" publish:qualifiedname="UMLModel::es::ucm::fdi::util::MultiTreeMap::MultiTreeMap" xmi:id="_9.yB.b.kD.oUE.e.iX.h7.aUW1DK7.g" xsi:type="uml:Operation"/><publish:element name="putValue" publish:icon="137329536_icon.png" publish:qualifiedname="UMLModel::es::ucm::fdi::util::MultiTreeMap::putValue" xmi:id="_9.yCC.o.z.oUE.e.iX.h7.aUW1DK7.g" xsi:type="uml:Operation"/><publish:element name="removeValue" publish:icon="137329536_icon.png" publish:qualifiedname="UMLModel::es::ucm::fdi::util::MultiTreeMap::removeValue" xmi:id="_9.yDQ.w.j.oUE.e.iX.h7.aUW1DK7.g" xsi:type="uml:Operation"/><publish:element name="sizeOfValues" publish:icon="137329536_icon.png" publish:qualifiedname="UMLModel::es::ucm::fdi::util::MultiTreeMap::sizeOfValues" xmi:id="_9.yFF8D.oUE.e.iX.h7.aUW1DK7.g" xsi:type="uml:Operation"/><publish:element name="valuesList" publish:icon="137329536_icon.png" publish:qualifiedname="UMLModel::es::ucm::fdi::util::MultiTreeMap::valuesList" xmi:id="_9.yF.tAD.oUE.e.iX.h7.aUW1DK7.g" xsi:type="uml:Operation"/><publish:element name="innerValues" publish:icon="137329536_icon.png" publish:qualifiedname="UMLModel::es::ucm::fdi::util::MultiTreeMap::innerValues" xmi:id="_9.yG7IT.oUE.e.iX.h7.aUW1DK7.g" xsi:type="uml:Operation"/><publish:element name="HashGenerator" publish:icon="-26848688_icon.png" publish:qualifiedname="UMLModel::es::ucm::fdi::util::HashGenerator" xmi:id="_9.v8X8.z.oUE.e.iX.h7.aUW1DK7.g" xsi:type="uml:Class"/><publish:element name="HashGenerator" publish:icon="137329536_icon.png" publish:qualifiedname="UMLModel::es::ucm::fdi::util::HashGenerator::HashGenerator" xmi:id="_90M.l0D.oUE.e.iX.h7.aUW1DK7.g" xsi:type="uml:Operation"/><publish:element name="HashGenerator" publish:icon="137329536_icon.png" publish:qualifiedname="UMLModel::es::ucm::fdi::util::HashGenerator::HashGenerator" xmi:id="_90NM4D.oUE.e.iX.h7.aUW1DK7.g" xsi:type="uml:Operation"/><publish:element name="hash" publish:icon="137329536_icon.png" publish:qualifiedname="UMLModel::es::ucm::fdi::util::HashGenerator::hash" xmi:id="_90N.z8D.oUE.e.iX.h7.aUW1DK7.g" xsi:type="uml:Operation"/><publish:element name="authenticate" publish:icon="137329536_icon.png" publish:qualifiedname="UMLModel::es::ucm::fdi::util::HashGenerator::authenticate" xmi:id="_90PCE.z.oUE.e.iX.h7.aUW1DK7.g" xsi:type="uml:Operation"/><publish:element name="pbkdf2" publish:icon="137356512_icon.png" publish:qualifiedname="UMLModel::es::ucm::fdi::util::HashGenerator::pbkdf2" xmi:id="_90Q3QD.oUE.e.iX.h7.aUW1DK7.g" xsi:type="uml:Operation"/><publish:element name="checkFormat" publish:icon="137329536_icon.png" publish:qualifiedname="UMLModel::es::ucm::fdi::util::HashGenerator::checkFormat" xmi:id="_90S.s.dD.oUE.e.iX.h7.aUW1DK7.g" xsi:type="uml:Operation"/><publish:element name="FunctionToGraphic" publish:icon="-26848688_icon.png" publish:qualifiedname="UMLModel::es::ucm::fdi::util::FunctionToGraphic" xmi:id="_9.wF.h4.z.oUE.e.iX.h7.aUW1DK7.g" xsi:type="uml:Class"/><publish:element name="FunctionParserUtils" publish:icon="-26848688_icon.png" publish:qualifiedname="UMLModel::es::ucm::fdi::util::FunctionParserUtils" xmi:id="_9.wLB.cD.oUE.e.iX.h7.aUW1DK7.g" xsi:type="uml:Class"/><publish:element name="FunctionParserUtils" publish:icon="137356512_icon.png" publish:qualifiedname="UMLModel::es::ucm::fdi::util::FunctionParserUtils::FunctionParserUtils" xmi:id="_92.iII.j.oUE.e.iX.h7.aUW1DK7.g" xsi:type="uml:Operation"/><publish:element name="parse" publish:icon="137329536_icon.png" publish:qualifiedname="UMLModel::es::ucm::fdi::util::FunctionParserUtils::parse" xmi:id="_92.jWQD.oUE.e.iX.h7.aUW1DK7.g" xsi:type="uml:Operation"/><publish:element name="stripExtraParenthesis" publish:icon="137329536_icon.png" publish:qualifiedname="UMLModel::es::ucm::fdi::util::FunctionParserUtils::stripExtraParenthesis" xmi:id="_92.k.kYD.oUE.e.iX.h7.aUW1DK7.g" xsi:type="uml:Operation"/><publish:element name="getEndOfParenthesis" publish:icon="137329536_icon.png" publish:qualifiedname="UMLModel::es::ucm::fdi::util::FunctionParserUtils::getEndOfParenthesis" xmi:id="_92.l.y.gD.oUE.e.iX.h7.aUW1DK7.g" xsi:type="uml:Operation"/><publish:element name="AbstractList&lt;V&gt;" publish:icon="-26848688_icon.png" publish:qualifiedname="UMLModel::es::ucm::fdi::util::AbstractList&lt;V&gt;" xmi:id="_9.w.rX.wD.oUE.e.iX.h7.aUW1DK7.g" xsi:type="uml:Class"/><publish:element name="Iterator&lt;ArrayList&lt;V&gt;&gt;" publish:icon="-38144528_icon.png" publish:qualifiedname="UMLModel::es::ucm::fdi::util::Iterator&lt;ArrayList&lt;V&gt;&gt;" xmi:id="_9.w.r-0D.oUE.e.iX.h7.aUW1DK7.g" xsi:type="uml:Interface"/><publish:element name="Iterator&lt;V&gt;" publish:icon="-38144528_icon.png" publish:qualifiedname="UMLModel::es::ucm::fdi::util::Iterator&lt;V&gt;" xmi:id="_9.w.tM8D.oUE.e.iX.h7.aUW1DK7.g" xsi:type="uml:Interface"/><publish:element name="Comparator&lt;K&gt;" publish:icon="-38144528_icon.png" publish:qualifiedname="UMLModel::es::ucm::fdi::util::Comparator&lt;K&gt;" xmi:id="_9.yCC.oD.oUE.e.iX.h7.aUW1DK7.g" xsi:type="uml:Interface"/><publish:element name="Iterable&lt;V&gt;" publish:icon="-38144528_icon.png" publish:qualifiedname="UMLModel::es::ucm::fdi::util::Iterable&lt;V&gt;" xmi:id="_9.yH.iM.j.oUE.e.iX.h7.aUW1DK7.g" xsi:type="uml:Interface"/><publish:element name="TreeMap&lt;K,ArrayList&lt;V&gt;&gt;" publish:icon="-26848688_icon.png" publish:qualifiedname="UMLModel::es::ucm::fdi::util::TreeMap&lt;K,ArrayList&lt;V&gt;&gt;" xmi:id="_9.yI.wUD.oUE.e.iX.h7.aUW1DK7.g" xsi:type="uml:Class"/></publish:elements>