<?xml version="1.0" encoding="UTF-8"?><publish:elements xmlns:publish="http://www.ibm.com/Rational/XTools/Publish" xmlns:xmi="http://www.omg.org/XMI" xmlns:xsi="http://www.w3.org/2001/XMLSchema-instance"><publish:element name="EjemploApp" publish:icon="-26848688_icon.png" publish:qualifiedname="UMLModel::es::ucm::fdi::EjemploApp" xmi:id="_9.wJMQ.j.oUE.e.iX.h7.aUW1DK7.g" xsi:type="uml:Class"/><publish:element name="main" publish:icon="137329536_icon.png" publish:qualifiedname="UMLModel::es::ucm::fdi::EjemploApp::main" xmi:id="_92T.e.o.j.oUE.e.iX.h7.aUW1DK7.g" xsi:type="uml:Operation"/><publish:element name="MemoryDB" publish:icon="-26848688_icon.png" publish:qualifiedname="UMLModel::es::ucm::fdi::datos::MemoryDB" xmi:id="_9.wM2.oT.oUE.e.iX.h7.aUW1DK7.g" xsi:type="uml:Class"/><publish:element publish:icon="137316816_icon.png" publish:qualifiedname="UMLModel::es::ucm::fdi::datos::MemoryDB::&lt;RedefinableTemplateSignature&gt;" xmi:id="_9.wN.d.sT.oUE.e.iX.h7.aUW1DK7.g" xsi:type="uml:RedefinableTemplateSignature"/><publish:element name="T" publish:icon="-26848688_icon.png" publish:qualifiedname="UMLModel::es::ucm::fdi::datos::MemoryDB::&lt;RedefinableTemplateSignature&gt;::&lt;ClassifierTemplateParameter&gt;::T" xmi:id="_9.wN.d.s.z.oUE.e.iX.h7.aUW1DK7.g" xsi:type="uml:Class"/><publish:element name="insert" publish:icon="137329536_icon.png" publish:qualifiedname="UMLModel::es::ucm::fdi::datos::MemoryDB::insert" xmi:id="_92.xY.s.z.oUE.e.iX.h7.aUW1DK7.g" xsi:type="uml:Operation"/><publish:element name="find" publish:icon="137329536_icon.png" publish:qualifiedname="UMLModel::es::ucm::fdi::datos::MemoryDB::find" xmi:id="_92.y.m0.j.oUE.e.iX.h7.aUW1DK7.g" xsi:type="uml:Operation"/><publish:element name="removeId" publish:icon="137329536_icon.png" publish:qualifiedname="UMLModel::es::ucm::fdi::datos::MemoryDB::removeId" xmi:id="_92.z08T.oUE.e.iX.h7.aUW1DK7.g" xsi:type="uml:Operation"/><publish:element name="print" publish:icon="137329536_icon.png" publish:qualifiedname="UMLModel::es::ucm::fdi::datos::MemoryDB::print" xmi:id="_921DET.oUE.e.iX.h7.aUW1DK7.g" xsi:type="uml:Operation"/><publish:element name="toString" publish:icon="137329536_icon.png" publish:qualifiedname="UMLModel::es::ucm::fdi::datos::MemoryDB::toString" xmi:id="_922RMT.oUE.e.iX.h7.aUW1DK7.g" xsi:type="uml:Operation"/><publish:element name="FunctionBO" publish:icon="-26848688_icon.png" publish:qualifiedname="UMLModel::es::ucm::fdi::workspace::FunctionBO" xmi:id="_9.v.s.gU.z.oUE.e.iX.h7.aUW1DK7.g" xsi:type="uml:Class"/><publish:element name="parse" publish:icon="137329536_icon.png" publish:qualifiedname="UMLModel::es::ucm::fdi::workspace::FunctionBO::Parser::parse" xmi:id="_93ET.oT.oUE.e.iX.h7.aUW1DK7.g" xsi:type="uml:Operation"/><publish:element name="FunctionBO" publish:icon="137329536_icon.png" publish:qualifiedname="UMLModel::es::ucm::fdi::workspace::FunctionBO::FunctionBO" xmi:id="_9.w_.g0T.oUE.e.iX.h7.aUW1DK7.g" xsi:type="uml:Operation"/><publish:element name="FunctionBO" publish:icon="137329536_icon.png" publish:qualifiedname="UMLModel::es::ucm::fdi::workspace::FunctionBO::FunctionBO" xmi:id="_9.xA.u8D.oUE.e.iX.h7.aUW1DK7.g" xsi:type="uml:Operation"/><publish:element name="evaluate" publish:icon="137329536_icon.png" publish:qualifiedname="UMLModel::es::ucm::fdi::workspace::FunctionBO::evaluate" xmi:id="_9.xBWA.j.oUE.e.iX.h7.aUW1DK7.g" xsi:type="uml:Operation"/><publish:element name="evaluate" publish:icon="137329536_icon.png" publish:qualifiedname="UMLModel::es::ucm::fdi::workspace::FunctionBO::evaluate" xmi:id="_9.xC.kIT.oUE.e.iX.h7.aUW1DK7.g" xsi:type="uml:Operation"/><publish:element name="evaluateExpr" publish:icon="137346864_icon.png" publish:qualifiedname="UMLModel::es::ucm::fdi::workspace::FunctionBO::evaluateExpr" xmi:id="_9.xD.yQT.oUE.e.iX.h7.aUW1DK7.g" xsi:type="uml:Operation"/><publish:element name="toString" publish:icon="137329536_icon.png" publish:qualifiedname="UMLModel::es::ucm::fdi::workspace::FunctionBO::toString" xmi:id="_9.xEZUT.oUE.e.iX.h7.aUW1DK7.g" xsi:type="uml:Operation"/><publish:element name="VertexBO" publish:icon="-26848688_icon.png" publish:qualifiedname="UMLModel::es::ucm::fdi::workspace::VertexBO" xmi:id="_9.v.u8.kD.oUE.e.iX.h7.aUW1DK7.g" xsi:type="uml:Class"/><publish:element name="VertexBOIterator" publish:icon="137329536_icon.png" publish:qualifiedname="UMLModel::es::ucm::fdi::workspace::VertexBO::VertexBOIterator::VertexBOIterator" xmi:id="_9.xU4AT.oUE.e.iX.h7.aUW1DK7.g" xsi:type="uml:Operation"/><publish:element name="hasNext" publish:icon="137329536_icon.png" publish:qualifiedname="UMLModel::es::ucm::fdi::workspace::VertexBO::VertexBOIterator::hasNext" xmi:id="_9.xWGID.oUE.e.iX.h7.aUW1DK7.g" xsi:type="uml:Operation"/><publish:element name="next" publish:icon="137329536_icon.png" publish:qualifiedname="UMLModel::es::ucm::fdi::workspace::VertexBO::VertexBOIterator::next" xmi:id="_9.xW.tMT.oUE.e.iX.h7.aUW1DK7.g" xsi:type="uml:Operation"/><publish:element name="VertexBO" publish:icon="137329536_icon.png" publish:qualifiedname="UMLModel::es::ucm::fdi::workspace::VertexBO::VertexBO" xmi:id="_9.y.y3.oT.oUE.e.iX.h7.aUW1DK7.g" xsi:type="uml:Operation"/><publish:element name="VertexBO" publish:icon="137329536_icon.png" publish:qualifiedname="UMLModel::es::ucm::fdi::workspace::VertexBO::VertexBO" xmi:id="_9.y0.s0D.oUE.e.iX.h7.aUW1DK7.g" xsi:type="uml:Operation"/><publish:element name="VertexBO" publish:icon="137329536_icon.png" publish:qualifiedname="UMLModel::es::ucm::fdi::workspace::VertexBO::VertexBO" xmi:id="_9.y168D.oUE.e.iX.h7.aUW1DK7.g" xsi:type="uml:Operation"/><publish:element name="VertexBO" publish:icon="137329536_icon.png" publish:qualifiedname="UMLModel::es::ucm::fdi::workspace::VertexBO::VertexBO" xmi:id="_9.y3JED.oUE.e.iX.h7.aUW1DK7.g" xsi:type="uml:Operation"/><publish:element name="at" publish:icon="137329536_icon.png" publish:qualifiedname="UMLModel::es::ucm::fdi::workspace::VertexBO::at" xmi:id="_9.y3.wID.oUE.e.iX.h7.aUW1DK7.g" xsi:type="uml:Operation"/><publish:element name="set" publish:icon="137329536_icon.png" publish:qualifiedname="UMLModel::es::ucm::fdi::workspace::VertexBO::set" xmi:id="_9.y4-QD.oUE.e.iX.h7.aUW1DK7.g" xsi:type="uml:Operation"/><publish:element name="iterator" publish:icon="137329536_icon.png" publish:qualifiedname="UMLModel::es::ucm::fdi::workspace::VertexBO::iterator" xmi:id="_9.y6MYD.oUE.e.iX.h7.aUW1DK7.g" xsi:type="uml:Operation"/><publish:element name="toString" publish:icon="137329536_icon.png" publish:qualifiedname="UMLModel::es::ucm::fdi::workspace::VertexBO::toString" xmi:id="_9.y7.a.gD.oUE.e.iX.h7.aUW1DK7.g" xsi:type="uml:Operation"/><publish:element name="clone" publish:icon="137346864_icon.png" publish:qualifiedname="UMLModel::es::ucm::fdi::workspace::VertexBO::clone" xmi:id="_9.y8.o.oD.oUE.e.iX.h7.aUW1DK7.g" xsi:type="uml:Operation"/><publish:element name="equals" publish:icon="137329536_icon.png" publish:qualifiedname="UMLModel::es::ucm::fdi::workspace::VertexBO::equals" xmi:id="_9.y9P.sD.oUE.e.iX.h7.aUW1DK7.g" xsi:type="uml:Operation"/><publish:element name="dist" publish:icon="137329536_icon.png" publish:qualifiedname="UMLModel::es::ucm::fdi::workspace::VertexBO::dist" xmi:id="_9.y_E4D.oUE.e.iX.h7.aUW1DK7.g" xsi:type="uml:Operation"/><publish:element name="disto" publish:icon="137329536_icon.png" publish:qualifiedname="UMLModel::es::ucm::fdi::workspace::VertexBO::disto" xmi:id="_9.y_.r8T.oUE.e.iX.h7.aUW1DK7.g" xsi:type="uml:Operation"/><publish:element name="VisualizationBO" publish:icon="-26848688_icon.png" publish:qualifiedname="UMLModel::es::ucm::fdi::workspace::VisualizationBO" xmi:id="_9.v8_A.j.oUE.e.iX.h7.aUW1DK7.g" xsi:type="uml:Class"/><publish:element name="VisualizationBO" publish:icon="137329536_icon.png" publish:qualifiedname="UMLModel::es::ucm::fdi::workspace::VisualizationBO::VisualizationBO" xmi:id="_90Z.aI.j.oUE.e.iX.h7.aUW1DK7.g" xsi:type="uml:Operation"/><publish:element name="VisualizationBO" publish:icon="137329536_icon.png" publish:qualifiedname="UMLModel::es::ucm::fdi::workspace::VisualizationBO::VisualizationBO" xmi:id="_90.aBMD.oUE.e.iX.h7.aUW1DK7.g" xsi:type="uml:Operation"/><publish:element name="addGraph" publish:icon="137329536_icon.png" publish:qualifiedname="UMLModel::es::ucm::fdi::workspace::VisualizationBO::addGraph" xmi:id="_90.a.oQ.z.oUE.e.iX.h7.aUW1DK7.g" xsi:type="uml:Operation"/><publish:element name="proyectar" publish:icon="137356512_icon.png" publish:qualifiedname="UMLModel::es::ucm::fdi::workspace::VisualizationBO::proyectar" xmi:id="_90.c.d.c.z.oUE.e.iX.h7.aUW1DK7.g" xsi:type="uml:Operation"/><publish:element name="GraphBO" publish:icon="-26848688_icon.png" publish:qualifiedname="UMLModel::es::ucm::fdi::workspace::GraphBO" xmi:id="_9.wH-I.z.oUE.e.iX.h7.aUW1DK7.g" xsi:type="uml:Class"/><publish:element name="GraphBO" publish:icon="137329536_icon.png" publish:qualifiedname="UMLModel::es::ucm::fdi::workspace::GraphBO::GraphBO" xmi:id="_92HRYD.oUE.e.iX.h7.aUW1DK7.g" xsi:type="uml:Operation"/><publish:element name="getGrid" publish:icon="137329536_icon.png" publish:qualifiedname="UMLModel::es::ucm::fdi::workspace::GraphBO::getGrid" xmi:id="_92H4.cT.oUE.e.iX.h7.aUW1DK7.g" xsi:type="uml:Operation"/><publish:element name="generate" publish:icon="137329536_icon.png" publish:qualifiedname="UMLModel::es::ucm::fdi::workspace::GraphBO::generate" xmi:id="_92J.t.oT.oUE.e.iX.h7.aUW1DK7.g" xsi:type="uml:Operation"/><publish:element name="Iterator&lt;Double&gt;" publish:icon="-38144528_icon.png" publish:qualifiedname="UMLModel::es::ucm::fdi::workspace::Iterator&lt;Double&gt;" xmi:id="_9.xX7UD.oUE.e.iX.h7.aUW1DK7.g" xsi:type="uml:Interface"/><publish:element name="Iterable&lt;Double&gt;" publish:icon="-38144528_icon.png" publish:qualifiedname="UMLModel::es::ucm::fdi::workspace::Iterable&lt;Double&gt;" xmi:id="_9.zA6ED.oUE.e.iX.h7.aUW1DK7.g" xsi:type="uml:Interface"/><publish:element name="MultiTreeMap&lt;Integer,Integer&gt;" publish:icon="-26848688_icon.png" publish:qualifiedname="UMLModel::es::ucm::fdi::workspace::MultiTreeMap&lt;Integer,Integer&gt;" xmi:id="_92EOED.oUE.e.iX.h7.aUW1DK7.g" xsi:type="uml:Class"/><publish:element name="Integer" publish:icon="-26848688_icon.png" publish:qualifiedname="UMLModel::es::ucm::fdi::workspace::MultiTreeMap&lt;Integer,Integer&gt;::&lt;TemplateBinding&gt;::&lt;TemplateParameterSubstitution&gt;::Integer" xmi:id="_92E1I.z.oUE.e.iX.h7.aUW1DK7.g" xsi:type="uml:Class"/><publish:element name="Integer" publish:icon="-26848688_icon.png" publish:qualifiedname="UMLModel::es::ucm::fdi::workspace::MultiTreeMap&lt;Integer,Integer&gt;::&lt;TemplateBinding&gt;::&lt;TemplateParameterSubstitution&gt;::Integer" xmi:id="_92F.cM.j.oUE.e.iX.h7.aUW1DK7.g" xsi:type="uml:Class"/><publish:element name="BinaryFunction" publish:icon="-26848688_icon.png" publish:qualifiedname="UMLModel::es::ucm::fdi::workspace::function::types::BinaryFunction" xmi:id="_9.v.n.n0.z.oUE.e.iX.h7.aUW1DK7.g" xsi:type="uml:Class"/><publish:element name="parse" publish:icon="137329536_icon.png" publish:qualifiedname="UMLModel::es::ucm::fdi::workspace::function::types::BinaryFunction::Parser::parse" xmi:id="_9.w.h.m.wT.oUE.e.iX.h7.aUW1DK7.g" xsi:type="uml:Operation"/><publish:element name="parseFunctions" publish:icon="137329536_icon.png" publish:qualifiedname="UMLModel::es::ucm::fdi::workspace::function::types::BinaryFunction::Parser::parseFunctions" xmi:id="_9.w.j.b8D.oUE.e.iX.h7.aUW1DK7.g" xsi:type="uml:Operation"/><publish:element name="BinaryFunction" publish:icon="137329536_icon.png" publish:qualifiedname="UMLModel::es::ucm::fdi::workspace::function::types::BinaryFunction::BinaryFunction" xmi:id="_9.y.mDUD.oUE.e.iX.h7.aUW1DK7.g" xsi:type="uml:Operation"/><publish:element name="BinaryFunction" publish:icon="137329536_icon.png" publish:qualifiedname="UMLModel::es::ucm::fdi::workspace::function::types::BinaryFunction::BinaryFunction" xmi:id="_9.y.mDUT.oUE.e.iX.h7.aUW1DK7.g" xsi:type="uml:Operation"/><publish:element name="Variable" publish:icon="-26848688_icon.png" publish:qualifiedname="UMLModel::es::ucm::fdi::workspace::function::types::Variable" xmi:id="_9.v8X8D.oUE.e.iX.h7.aUW1DK7.g" xsi:type="uml:Class"/><publish:element name="Variable" publish:icon="137329536_icon.png" publish:qualifiedname="UMLModel::es::ucm::fdi::workspace::function::types::Variable::Variable" xmi:id="_90F4ID.oUE.e.iX.h7.aUW1DK7.g" xsi:type="uml:Operation"/><publish:element name="Variable" publish:icon="137329536_icon.png" publish:qualifiedname="UMLModel::es::ucm::fdi::workspace::function::types::Variable::Variable" xmi:id="_90G.fM.j.oUE.e.iX.h7.aUW1DK7.g" xsi:type="uml:Operation"/><publish:element name="UnaryFunction" publish:icon="-26848688_icon.png" publish:qualifiedname="UMLModel::es::ucm::fdi::workspace::function::types::UnaryFunction" xmi:id="_9.wET.wD.oUE.e.iX.h7.aUW1DK7.g" xsi:type="uml:Class"/><publish:element name="parse" publish:icon="137329536_icon.png" publish:qualifiedname="UMLModel::es::ucm::fdi::workspace::function::types::UnaryFunction::Parser::parse" xmi:id="_92U.s.w.j.oUE.e.iX.h7.aUW1DK7.g" xsi:type="uml:Operation"/><publish:element name="parsePattern" publish:icon="137329536_icon.png" publish:qualifiedname="UMLModel::es::ucm::fdi::workspace::function::types::UnaryFunction::Parser::parsePattern" xmi:id="_92XJAD.oUE.e.iX.h7.aUW1DK7.g" xsi:type="uml:Operation"/><publish:element name="UnaryFunction" publish:icon="137329536_icon.png" publish:qualifiedname="UMLModel::es::ucm::fdi::workspace::function::types::UnaryFunction::UnaryFunction" xmi:id="_91.j3.wD.oUE.e.iX.h7.aUW1DK7.g" xsi:type="uml:Operation"/><publish:element name="UnaryFunction" publish:icon="137329536_icon.png" publish:qualifiedname="UMLModel::es::ucm::fdi::workspace::function::types::UnaryFunction::UnaryFunction" xmi:id="_91.lF4D.oUE.e.iX.h7.aUW1DK7.g" xsi:type="uml:Operation"/><publish:element name="VariablesList" publish:icon="-26848688_icon.png" publish:qualifiedname="UMLModel::es::ucm::fdi::workspace::function::types::VariablesList" xmi:id="_9.wP58T.oUE.e.iX.h7.aUW1DK7.g" xsi:type="uml:Class"/><publish:element name="VariablesList" publish:icon="137329536_icon.png" publish:qualifiedname="UMLModel::es::ucm::fdi::workspace::function::types::VariablesList::VariablesList" xmi:id="_93N.d.kD.oUE.e.iX.h7.aUW1DK7.g" xsi:type="uml:Operation"/><publish:element name="VariablesList" publish:icon="137329536_icon.png" publish:qualifiedname="UMLModel::es::ucm::fdi::workspace::function::types::VariablesList::VariablesList" xmi:id="_93O.r.sD.oUE.e.iX.h7.aUW1DK7.g" xsi:type="uml:Operation"/><publish:element name="VariablesList" publish:icon="137329536_icon.png" publish:qualifiedname="UMLModel::es::ucm::fdi::workspace::function::types::VariablesList::VariablesList" xmi:id="_93P50D.oUE.e.iX.h7.aUW1DK7.g" xsi:type="uml:Operation"/><publish:element name="setVariable" publish:icon="137329536_icon.png" publish:qualifiedname="UMLModel::es::ucm::fdi::workspace::function::types::VariablesList::setVariable" xmi:id="_93RH8.z.oUE.e.iX.h7.aUW1DK7.g" xsi:type="uml:Operation"/><publish:element name="setVariable" publish:icon="137329536_icon.png" publish:qualifiedname="UMLModel::es::ucm::fdi::workspace::function::types::VariablesList::setVariable" xmi:id="_93SWE.j.oUE.e.iX.h7.aUW1DK7.g" xsi:type="uml:Operation"/><publish:element name="getVariable" publish:icon="137329536_icon.png" publish:qualifiedname="UMLModel::es::ucm::fdi::workspace::function::types::VariablesList::getVariable" xmi:id="_93T.kM.j.oUE.e.iX.h7.aUW1DK7.g" xsi:type="uml:Operation"/><publish:element name="getVariable" publish:icon="137329536_icon.png" publish:qualifiedname="UMLModel::es::ucm::fdi::workspace::function::types::VariablesList::getVariable" xmi:id="_93U.yUT.oUE.e.iX.h7.aUW1DK7.g" xsi:type="uml:Operation"/><publish:element name="equals" publish:icon="137329536_icon.png" publish:qualifiedname="UMLModel::es::ucm::fdi::workspace::function::types::VariablesList::equals" xmi:id="_93WA.cT.oUE.e.iX.h7.aUW1DK7.g" xsi:type="uml:Operation"/><publish:element name="getVarAtPos" publish:icon="137356512_icon.png" publish:qualifiedname="UMLModel::es::ucm::fdi::workspace::function::types::VariablesList::getVarAtPos" xmi:id="_93XO.kD.oUE.e.iX.h7.aUW1DK7.g" xsi:type="uml:Operation"/><publish:element name="ShareManagerAS" publish:icon="-26848688_icon.png" publish:qualifiedname="UMLModel::es::ucm::fdi::connectivity::ShareManagerAS" xmi:id="_9.v0.cI.z.oUE.e.iX.h7.aUW1DK7.g" xsi:type="uml:Class"/><publish:element name="ShareManagerAS" publish:icon="137356512_icon.png" publish:qualifiedname="UMLModel::es::ucm::fdi::connectivity::ShareManagerAS::ShareManagerAS" xmi:id="_9.x.x.j8T.oUE.e.iX.h7.aUW1DK7.g" xsi:type="uml:Operation"/><publish:element name="getManager" publish:icon="137329536_icon.png" publish:qualifiedname="UMLModel::es::ucm::fdi::connectivity::ShareManagerAS::getManager" xmi:id="_9.x.yLA.j.oUE.e.iX.h7.aUW1DK7.g" xsi:type="uml:Operation"/><publish:element name="shareOpenProject" publish:icon="137329536_icon.png" publish:qualifiedname="UMLModel::es::ucm::fdi::connectivity::ShareManagerAS::shareOpenProject" xmi:id="_9.x.zZI.j.oUE.e.iX.h7.aUW1DK7.g" xsi:type="uml:Operation"/><publish:element name="sharePrivateProject" publish:icon="137329536_icon.png" publish:qualifiedname="UMLModel::es::ucm::fdi::connectivity::ShareManagerAS::sharePrivateProject" xmi:id="_9.x1OUT.oUE.e.iX.h7.aUW1DK7.g" xsi:type="uml:Operation"/><publish:element name="modifySharedProject" publish:icon="137329536_icon.png" publish:qualifiedname="UMLModel::es::ucm::fdi::connectivity::ShareManagerAS::modifySharedProject" xmi:id="_9.x3D.g.z.oUE.e.iX.h7.aUW1DK7.g" xsi:type="uml:Operation"/><publish:element name="importProject" publish:icon="137329536_icon.png" publish:qualifiedname="UMLModel::es::ucm::fdi::connectivity::ShareManagerAS::importProject" xmi:id="_9.x44.sD.oUE.e.iX.h7.aUW1DK7.g" xsi:type="uml:Operation"/><publish:element name="findProjectByAuthor" publish:icon="137329536_icon.png" publish:qualifiedname="UMLModel::es::ucm::fdi::connectivity::ShareManagerAS::findProjectByAuthor" xmi:id="_9.x6G0T.oUE.e.iX.h7.aUW1DK7.g" xsi:type="uml:Operation"/><publish:element name="findProjectByName" publish:icon="137329536_icon.png" publish:qualifiedname="UMLModel::es::ucm::fdi::connectivity::ShareManagerAS::findProjectByName" xmi:id="_9.x78AD.oUE.e.iX.h7.aUW1DK7.g" xsi:type="uml:Operation"/><publish:element name="createSharedProjectID" publish:icon="137356512_icon.png" publish:qualifiedname="UMLModel::es::ucm::fdi::connectivity::ShareManagerAS::createSharedProjectID" xmi:id="_9.x9KI.j.oUE.e.iX.h7.aUW1DK7.g" xsi:type="uml:Operation"/><publish:element name="store" publish:icon="137356512_icon.png" publish:qualifiedname="UMLModel::es::ucm::fdi::connectivity::ShareManagerAS::store" xmi:id="_9.x-YQ.z.oUE.e.iX.h7.aUW1DK7.g" xsi:type="uml:Operation"/><publish:element name="validateAuthorList" publish:icon="137356512_icon.png" publish:qualifiedname="UMLModel::es::ucm::fdi::connectivity::ShareManagerAS::validateAuthorList" xmi:id="_9.x_.mYT.oUE.e.iX.h7.aUW1DK7.g" xsi:type="uml:Operation"/><publish:element name="AuthorshipDAOHashTableImp" publish:icon="-26848688_icon.png" publish:qualifiedname="UMLModel::es::ucm::fdi::connectivity::AuthorshipDAOHashTableImp" xmi:id="_9.v1DMT.oUE.e.iX.h7.aUW1DK7.g" xsi:type="uml:Class"/><publish:element name="AuthorshipDAOHashTableImp" publish:icon="137329536_icon.png" publish:qualifiedname="UMLModel::es::ucm::fdi::connectivity::AuthorshipDAOHashTableImp::AuthorshipDAOHashTableImp" xmi:id="_9.yLM.kT.oUE.e.iX.h7.aUW1DK7.g" xsi:type="uml:Operation"/><publish:element name="addAuthorship" publish:icon="137329536_icon.png" publish:qualifiedname="UMLModel::es::ucm::fdi::connectivity::AuthorshipDAOHashTableImp::addAuthorship" xmi:id="_9.yL.z.oD.oUE.e.iX.h7.aUW1DK7.g" xsi:type="uml:Operation"/><publish:element name="removeAuthorship" publish:icon="137329536_icon.png" publish:qualifiedname="UMLModel::es::ucm::fdi::connectivity::AuthorshipDAOHashTableImp::removeAuthorship" xmi:id="_9.yN.o0D.oUE.e.iX.h7.aUW1DK7.g" xsi:type="uml:Operation"/><publish:element name="findByUser" publish:icon="137329536_icon.png" publish:qualifiedname="UMLModel::es::ucm::fdi::connectivity::AuthorshipDAOHashTableImp::findByUser" xmi:id="_9.yO28D.oUE.e.iX.h7.aUW1DK7.g" xsi:type="uml:Operation"/><publish:element name="findByProject" publish:icon="137329536_icon.png" publish:qualifiedname="UMLModel::es::ucm::fdi::connectivity::AuthorshipDAOHashTableImp::findByProject" xmi:id="_9.yQ.sID.oUE.e.iX.h7.aUW1DK7.g" xsi:type="uml:Operation"/><publish:element name="SharedProjectBOPrivateProjectImp" publish:icon="-26848688_icon.png" publish:qualifiedname="UMLModel::es::ucm::fdi::connectivity::SharedProjectBOPrivateProjectImp" xmi:id="_9.v1.qRD.oUE.e.iX.h7.aUW1DK7.g" xsi:type="uml:Class"/><publish:element name="SharedProjectBOPrivateProjectImp" publish:icon="137329536_icon.png" publish:qualifiedname="UMLModel::es::ucm::fdi::connectivity::SharedProjectBOPrivateProjectImp::SharedProjectBOPrivateProjectImp" xmi:id="_9.yZ2ET.oUE.e.iX.h7.aUW1DK7.g" xsi:type="uml:Operation"/><publish:element name="SharedProjectBOPrivateProjectImp" publish:icon="137329536_icon.png" publish:qualifiedname="UMLModel::es::ucm::fdi::connectivity::SharedProjectBOPrivateProjectImp::SharedProjectBOPrivateProjectImp" xmi:id="_9.y.b.rRD.oUE.e.iX.h7.aUW1DK7.g" xsi:type="uml:Operation"/><publish:element name="hasReadAccess" publish:icon="137329536_icon.png" publish:qualifiedname="UMLModel::es::ucm::fdi::connectivity::SharedProjectBOPrivateProjectImp::hasReadAccess" xmi:id="_9.y.c5Y.z.oUE.e.iX.h7.aUW1DK7.g" xsi:type="uml:Operation"/><publish:element name="hasWriteAccess" publish:icon="137329536_icon.png" publish:qualifiedname="UMLModel::es::ucm::fdi::connectivity::SharedProjectBOPrivateProjectImp::hasWriteAccess" xmi:id="_9.y.e.u.kD.oUE.e.iX.h7.aUW1DK7.g" xsi:type="uml:Operation"/><publish:element name="AuthorshipBO" publish:icon="-26848688_icon.png" publish:qualifiedname="UMLModel::es::ucm::fdi::connectivity::AuthorshipBO" xmi:id="_9.v6.i.w.z.oUE.e.iX.h7.aUW1DK7.g" xsi:type="uml:Class"/><publish:element name="AuthorshipBO" publish:icon="137329536_icon.png" publish:qualifiedname="UMLModel::es::ucm::fdi::connectivity::AuthorshipBO::AuthorshipBO" xmi:id="_9.z5.q4T.oUE.e.iX.h7.aUW1DK7.g" xsi:type="uml:Operation"/><publish:element name="AuthorshipDAO" publish:icon="-38144528_icon.png" publish:qualifiedname="UMLModel::es::ucm::fdi::connectivity::AuthorshipDAO" xmi:id="_9.v-NIT.oUE.e.iX.h7.aUW1DK7.g" xsi:type="uml:Interface"/><publish:element name="addAuthorship" publish:icon="137329536_icon.png" publish:qualifiedname="UMLModel::es::ucm::fdi::connectivity::AuthorshipDAO::addAuthorship" xmi:id="_90.lAUT.oUE.e.iX.h7.aUW1DK7.g" xsi:type="uml:Operation"/><publish:element name="removeAuthorship" publish:icon="137329536_icon.png" publish:qualifiedname="UMLModel::es::ucm::fdi::connectivity::AuthorshipDAO::removeAuthorship" xmi:id="_90.mO.cD.oUE.e.iX.h7.aUW1DK7.g" xsi:type="uml:Operation"/><publish:element name="findByUser" publish:icon="137329536_icon.png" publish:qualifiedname="UMLModel::es::ucm::fdi::connectivity::AuthorshipDAO::findByUser" xmi:id="_90.n.c.kD.oUE.e.iX.h7.aUW1DK7.g" xsi:type="uml:Operation"/><publish:element name="findByProject" publish:icon="137329536_icon.png" publish:qualifiedname="UMLModel::es::ucm::fdi::connectivity::AuthorshipDAO::findByProject" xmi:id="_90.o.q.sT.oUE.e.iX.h7.aUW1DK7.g" xsi:type="uml:Operation"/><publish:element name="SharedProjectBO" publish:icon="-26848688_icon.png" publish:qualifiedname="UMLModel::es::ucm::fdi::connectivity::SharedProjectBO" xmi:id="_9.v_.bQT.oUE.e.iX.h7.aUW1DK7.g" xsi:type="uml:Class"/><publish:element name="SharedProjectBO" publish:icon="137329536_icon.png" publish:qualifiedname="UMLModel::es::ucm::fdi::connectivity::SharedProjectBO::SharedProjectBO" xmi:id="_902GET.oUE.e.iX.h7.aUW1DK7.g" xsi:type="uml:Operation"/><publish:element name="SharedProjectBO" publish:icon="137329536_icon.png" publish:qualifiedname="UMLModel::es::ucm::fdi::connectivity::SharedProjectBO::SharedProjectBO" xmi:id="_9037QT.oUE.e.iX.h7.aUW1DK7.g" xsi:type="uml:Operation"/><publish:element name="hasReadAccess" publish:icon="137329536_icon.png" publish:qualifiedname="UMLModel::es::ucm::fdi::connectivity::SharedProjectBO::hasReadAccess" xmi:id="_905JYT.oUE.e.iX.h7.aUW1DK7.g" xsi:type="uml:Operation"/><publish:element name="hasWriteAccess" publish:icon="137329536_icon.png" publish:qualifiedname="UMLModel::es::ucm::fdi::connectivity::SharedProjectBO::hasWriteAccess" xmi:id="_906X.gD.oUE.e.iX.h7.aUW1DK7.g" xsi:type="uml:Operation"/><publish:element name="SharedProjectDAOHashTableImp" publish:icon="-26848688_icon.png" publish:qualifiedname="UMLModel::es::ucm::fdi::connectivity::SharedProjectDAOHashTableImp" xmi:id="_9.wD.s.sD.oUE.e.iX.h7.aUW1DK7.g" xsi:type="uml:Class"/><publish:element name="SharedProjectDAOHashTableImp" publish:icon="137329536_icon.png" publish:qualifiedname="UMLModel::es::ucm::fdi::connectivity::SharedProjectDAOHashTableImp::SharedProjectDAOHashTableImp" xmi:id="_91XD.cT.oUE.e.iX.h7.aUW1DK7.g" xsi:type="uml:Operation"/><publish:element name="addSharedProject" publish:icon="137329536_icon.png" publish:qualifiedname="UMLModel::es::ucm::fdi::connectivity::SharedProjectDAOHashTableImp::addSharedProject" xmi:id="_91X.q.gD.oUE.e.iX.h7.aUW1DK7.g" xsi:type="uml:Operation"/><publish:element name="removeSharedProject" publish:icon="137329536_icon.png" publish:qualifiedname="UMLModel::es::ucm::fdi::connectivity::SharedProjectDAOHashTableImp::removeSharedProject" xmi:id="_91.aG.wD.oUE.e.iX.h7.aUW1DK7.g" xsi:type="uml:Operation"/><publish:element name="modifySharedProject" publish:icon="137329536_icon.png" publish:qualifiedname="UMLModel::es::ucm::fdi::connectivity::SharedProjectDAOHashTableImp::modifySharedProject" xmi:id="_91.b78D.oUE.e.iX.h7.aUW1DK7.g" xsi:type="uml:Operation"/><publish:element name="findSharedProject" publish:icon="137329536_icon.png" publish:qualifiedname="UMLModel::es::ucm::fdi::connectivity::SharedProjectDAOHashTableImp::findSharedProject" xmi:id="_91.d.xID.oUE.e.iX.h7.aUW1DK7.g" xsi:type="uml:Operation"/><publish:element name="findByName" publish:icon="137329536_icon.png" publish:qualifiedname="UMLModel::es::ucm::fdi::connectivity::SharedProjectDAOHashTableImp::findByName" xmi:id="_91.gNYD.oUE.e.iX.h7.aUW1DK7.g" xsi:type="uml:Operation"/><publish:element name="SharedProjectBOOpenProjectImp" publish:icon="-26848688_icon.png" publish:qualifiedname="UMLModel::es::ucm::fdi::connectivity::SharedProjectBOOpenProjectImp" xmi:id="_9.wK.aY.j.oUE.e.iX.h7.aUW1DK7.g" xsi:type="uml:Class"/><publish:element name="SharedProjectBOOpenProjectImp" publish:icon="137329536_icon.png" publish:qualifiedname="UMLModel::es::ucm::fdi::connectivity::SharedProjectBOOpenProjectImp::SharedProjectBOOpenProjectImp" xmi:id="_92.aMUT.oUE.e.iX.h7.aUW1DK7.g" xsi:type="uml:Operation"/><publish:element name="SharedProjectBOOpenProjectImp" publish:icon="137329536_icon.png" publish:qualifiedname="UMLModel::es::ucm::fdi::connectivity::SharedProjectBOOpenProjectImp::SharedProjectBOOpenProjectImp" xmi:id="_92.cB.g.z.oUE.e.iX.h7.aUW1DK7.g" xsi:type="uml:Operation"/><publish:element name="hasReadAccess" publish:icon="137329536_icon.png" publish:qualifiedname="UMLModel::es::ucm::fdi::connectivity::SharedProjectBOOpenProjectImp::hasReadAccess" xmi:id="_92.dP.o.z.oUE.e.iX.h7.aUW1DK7.g" xsi:type="uml:Operation"/><publish:element name="hasWriteAccess" publish:icon="137329536_icon.png" publish:qualifiedname="UMLModel::es::ucm::fdi::connectivity::SharedProjectBOOpenProjectImp::hasWriteAccess" xmi:id="_92.fE0D.oUE.e.iX.h7.aUW1DK7.g" xsi:type="uml:Operation"/><publish:element name="SharedProjectDAO" publish:icon="-38144528_icon.png" publish:qualifiedname="UMLModel::es::ucm::fdi::connectivity::SharedProjectDAO" xmi:id="_9.wPS4.z.oUE.e.iX.h7.aUW1DK7.g" xsi:type="uml:Interface"/><publish:element name="addSharedProject" publish:icon="137329536_icon.png" publish:qualifiedname="UMLModel::es::ucm::fdi::connectivity::SharedProjectDAO::addSharedProject" xmi:id="_93G.v4D.oUE.e.iX.h7.aUW1DK7.g" xsi:type="uml:Operation"/><publish:element name="removeSharedProject" publish:icon="137329536_icon.png" publish:qualifiedname="UMLModel::es::ucm::fdi::connectivity::SharedProjectDAO::removeSharedProject" xmi:id="_93HW8T.oUE.e.iX.h7.aUW1DK7.g" xsi:type="uml:Operation"/><publish:element name="modifySharedProject" publish:icon="137329536_icon.png" publish:qualifiedname="UMLModel::es::ucm::fdi::connectivity::SharedProjectDAO::modifySharedProject" xmi:id="_93I.lET.oUE.e.iX.h7.aUW1DK7.g" xsi:type="uml:Operation"/><publish:element name="findSharedProject" publish:icon="137329536_icon.png" publish:qualifiedname="UMLModel::es::ucm::fdi::connectivity::SharedProjectDAO::findSharedProject" xmi:id="_93J.zMD.oUE.e.iX.h7.aUW1DK7.g" xsi:type="uml:Operation"/><publish:element name="findByName" publish:icon="137329536_icon.png" publish:qualifiedname="UMLModel::es::ucm::fdi::connectivity::SharedProjectDAO::findByName" xmi:id="_93K.aQT.oUE.e.iX.h7.aUW1DK7.g" xsi:type="uml:Operation"/><publish:element name="MemoryDB&lt;AuthorshipBO&gt;" publish:icon="-26848688_icon.png" publish:qualifiedname="UMLModel::es::ucm::fdi::connectivity::MemoryDB&lt;AuthorshipBO&gt;" xmi:id="_9.yI.wU.z.oUE.e.iX.h7.aUW1DK7.g" xsi:type="uml:Class"/><publish:element name="MemoryDB&lt;SharedProjectBO&gt;" publish:icon="-26848688_icon.png" publish:qualifiedname="UMLModel::es::ucm::fdi::connectivity::MemoryDB&lt;SharedProjectBO&gt;" xmi:id="_91VOQD.oUE.e.iX.h7.aUW1DK7.g" xsi:type="uml:Class"/><publish:element name="UserTO" publish:icon="-26848688_icon.png" publish:qualifiedname="UMLModel::es::ucm::fdi::users::UserTO" xmi:id="_9.v.t.u.c.z.oUE.e.iX.h7.aUW1DK7.g" xsi:type="uml:Class"/><publish:element name="UserTO" publish:icon="137329536_icon.png" publish:qualifiedname="UMLModel::es::ucm::fdi::users::UserTO::UserTO" xmi:id="_9.xS.b.w.j.oUE.e.iX.h7.aUW1DK7.g" xsi:type="uml:Operation"/><publish:element name="FriendshipBO" publish:icon="-26848688_icon.png" publish:qualifiedname="UMLModel::es::ucm::fdi::users::FriendshipBO" xmi:id="_9.v.xY0D.oUE.e.iX.h7.aUW1DK7.g" xsi:type="uml:Class"/><publish:element name="FriendshipBO" publish:icon="137329536_icon.png" publish:qualifiedname="UMLModel::es::ucm::fdi::users::FriendshipBO::FriendshipBO" xmi:id="_9.x.eB8T.oUE.e.iX.h7.aUW1DK7.g" xsi:type="uml:Operation"/><publish:element name="UserManagerAS" publish:icon="-26848688_icon.png" publish:qualifiedname="UMLModel::es::ucm::fdi::users::UserManagerAS" xmi:id="_9.v4G.gT.oUE.e.iX.h7.aUW1DK7.g" xsi:type="uml:Class"/><publish:element name="UserManagerAS" publish:icon="137356512_icon.png" publish:qualifiedname="UMLModel::es::ucm::fdi::users::UserManagerAS::UserManagerAS" xmi:id="_9.zGZ.oD.oUE.e.iX.h7.aUW1DK7.g" xsi:type="uml:Operation"/><publish:element name="getManager" publish:icon="137329536_icon.png" publish:qualifiedname="UMLModel::es::ucm::fdi::users::UserManagerAS::getManager" xmi:id="_9.zHA.sT.oUE.e.iX.h7.aUW1DK7.g" xsi:type="uml:Operation"/><publish:element name="newUser" publish:icon="137329536_icon.png" publish:qualifiedname="UMLModel::es::ucm::fdi::users::UserManagerAS::newUser" xmi:id="_9.zIO0D.oUE.e.iX.h7.aUW1DK7.g" xsi:type="uml:Operation"/><publish:element name="removeUser" publish:icon="137329536_icon.png" publish:qualifiedname="UMLModel::es::ucm::fdi::users::UserManagerAS::removeUser" xmi:id="_9.zI14T.oUE.e.iX.h7.aUW1DK7.g" xsi:type="uml:Operation"/><publish:element name="modifyUser" publish:icon="137329536_icon.png" publish:qualifiedname="UMLModel::es::ucm::fdi::users::UserManagerAS::modifyUser" xmi:id="_9.zKEAT.oUE.e.iX.h7.aUW1DK7.g" xsi:type="uml:Operation"/><publish:element name="login" publish:icon="137329536_icon.png" publish:qualifiedname="UMLModel::es::ucm::fdi::users::UserManagerAS::login" xmi:id="_9.zLSI.j.oUE.e.iX.h7.aUW1DK7.g" xsi:type="uml:Operation"/><publish:element name="validateSession" publish:icon="137329536_icon.png" publish:qualifiedname="UMLModel::es::ucm::fdi::users::UserManagerAS::validateSession" xmi:id="_9.zNHUD.oUE.e.iX.h7.aUW1DK7.g" xsi:type="uml:Operation"/><publish:element name="authenticate" publish:icon="137329536_icon.png" publish:qualifiedname="UMLModel::es::ucm::fdi::users::UserManagerAS::authenticate" xmi:id="_9.zN.uYT.oUE.e.iX.h7.aUW1DK7.g" xsi:type="uml:Operation"/><publish:element name="logout" publish:icon="137329536_icon.png" publish:qualifiedname="UMLModel::es::ucm::fdi::users::UserManagerAS::logout" xmi:id="_9.zO8.g.j.oUE.e.iX.h7.aUW1DK7.g" xsi:type="uml:Operation"/><publish:element name="existsUser" publish:icon="137329536_icon.png" publish:qualifiedname="UMLModel::es::ucm::fdi::users::UserManagerAS::existsUser" xmi:id="_9.zP.j.k.j.oUE.e.iX.h7.aUW1DK7.g" xsi:type="uml:Operation"/><publish:element name="createNewSession" publish:icon="137356512_icon.png" publish:qualifiedname="UMLModel::es::ucm::fdi::users::UserManagerAS::createNewSession" xmi:id="_9.zQ.x.sT.oUE.e.iX.h7.aUW1DK7.g" xsi:type="uml:Operation"/><publish:element name="validEmail" publish:icon="137329536_icon.png" publish:qualifiedname="UMLModel::es::ucm::fdi::users::UserManagerAS::validEmail" xmi:id="_9.zR_0D.oUE.e.iX.h7.aUW1DK7.g" xsi:type="uml:Operation"/><publish:element name="validString" publish:icon="137356512_icon.png" publish:qualifiedname="UMLModel::es::ucm::fdi::users::UserManagerAS::validString" xmi:id="_9.zTN8T.oUE.e.iX.h7.aUW1DK7.g" xsi:type="uml:Operation"/><publish:element name="validInt" publish:icon="137356512_icon.png" publish:qualifiedname="UMLModel::es::ucm::fdi::users::UserManagerAS::validInt" xmi:id="_9.zT1A.j.oUE.e.iX.h7.aUW1DK7.g" xsi:type="uml:Operation"/><publish:element name="validUrl" publish:icon="137356512_icon.png" publish:qualifiedname="UMLModel::es::ucm::fdi::users::UserManagerAS::validUrl" xmi:id="_9.zV.qMD.oUE.e.iX.h7.aUW1DK7.g" xsi:type="uml:Operation"/><publish:element name="validateAccountDetails" publish:icon="137356512_icon.png" publish:qualifiedname="UMLModel::es::ucm::fdi::users::UserManagerAS::validateAccountDetails" xmi:id="_9.zW4UD.oUE.e.iX.h7.aUW1DK7.g" xsi:type="uml:Operation"/><publish:element name="UserDAOHashTableImp" publish:icon="-26848688_icon.png" publish:qualifiedname="UMLModel::es::ucm::fdi::users::UserDAOHashTableImp" xmi:id="_9.v57.sD.oUE.e.iX.h7.aUW1DK7.g" xsi:type="uml:Class"/><publish:element name="UserDAOHashTableImp" publish:icon="137329536_icon.png" publish:qualifiedname="UMLModel::es::ucm::fdi::users::UserDAOHashTableImp::UserDAOHashTableImp" xmi:id="_9.z.q.aUD.oUE.e.iX.h7.aUW1DK7.g" xsi:type="uml:Operation"/><publish:element name="addUser" publish:icon="137329536_icon.png" publish:qualifiedname="UMLModel::es::ucm::fdi::users::UserDAOHashTableImp::addUser" xmi:id="_9.z.rBYD.oUE.e.iX.h7.aUW1DK7.g" xsi:type="uml:Operation"/><publish:element name="removeUser" publish:icon="137329536_icon.png" publish:qualifiedname="UMLModel::es::ucm::fdi::users::UserDAOHashTableImp::removeUser" xmi:id="_9.z.sP.gD.oUE.e.iX.h7.aUW1DK7.g" xsi:type="uml:Operation"/><publish:element name="modifyUser" publish:icon="137329536_icon.png" publish:qualifiedname="UMLModel::es::ucm::fdi::users::UserDAOHashTableImp::modifyUser" xmi:id="_9.z.t.d.oD.oUE.e.iX.h7.aUW1DK7.g" xsi:type="uml:Operation"/><publish:element name="findUser" publish:icon="137329536_icon.png" publish:qualifiedname="UMLModel::es::ucm::fdi::users::UserDAOHashTableImp::findUser" xmi:id="_9.z.u.r.wD.oUE.e.iX.h7.aUW1DK7.g" xsi:type="uml:Operation"/><publish:element name="UserDAO" publish:icon="-38144528_icon.png" publish:qualifiedname="UMLModel::es::ucm::fdi::users::UserDAO" xmi:id="_9.v7.w4D.oUE.e.iX.h7.aUW1DK7.g" xsi:type="uml:Interface"/><publish:element name="addUser" publish:icon="137329536_icon.png" publish:qualifiedname="UMLModel::es::ucm::fdi::users::UserDAO::addUser" xmi:id="_90AY.k.j.oUE.e.iX.h7.aUW1DK7.g" xsi:type="uml:Operation"/><publish:element name="removeUser" publish:icon="137329536_icon.png" publish:qualifiedname="UMLModel::es::ucm::fdi::users::UserDAO::removeUser" xmi:id="_90B.m.sT.oUE.e.iX.h7.aUW1DK7.g" xsi:type="uml:Operation"/><publish:element name="modifyUser" publish:icon="137329536_icon.png" publish:qualifiedname="UMLModel::es::ucm::fdi::users::UserDAO::modifyUser" xmi:id="_90C00D.oUE.e.iX.h7.aUW1DK7.g" xsi:type="uml:Operation"/><publish:element name="findUser" publish:icon="137329536_icon.png" publish:qualifiedname="UMLModel::es::ucm::fdi::users::UserDAO::findUser" xmi:id="_90D.b4T.oUE.e.iX.h7.aUW1DK7.g" xsi:type="uml:Operation"/><publish:element name="SessionBO" publish:icon="-26848688_icon.png" publish:qualifiedname="UMLModel::es::ucm::fdi::users::SessionBO" xmi:id="_9.wLB.c.z.oUE.e.iX.h7.aUW1DK7.g" xsi:type="uml:Class"/><publish:element name="SessionBO" publish:icon="137329536_icon.png" publish:qualifiedname="UMLModel::es::ucm::fdi::users::SessionBO::SessionBO" xmi:id="_92.p.c4D.oUE.e.iX.h7.aUW1DK7.g" xsi:type="uml:Operation"/><publish:element name="MemoryDB&lt;UserTO&gt;" publish:icon="-26848688_icon.png" publish:qualifiedname="UMLModel::es::ucm::fdi::users::MemoryDB&lt;UserTO&gt;" xmi:id="_9.z.n-ED.oUE.e.iX.h7.aUW1DK7.g" xsi:type="uml:Class"/><publish:element name="ScaleTransformation" publish:icon="-26848688_icon.png" publish:qualifiedname="UMLModel::es::ucm::fdi::workspace::transformations::ScaleTransformation" xmi:id="_9.v6.i.wD.oUE.e.iX.h7.aUW1DK7.g" xsi:type="uml:Class"/><publish:element name="ScaleTransformation" publish:icon="137329536_icon.png" publish:qualifiedname="UMLModel::es::ucm::fdi::workspace::transformations::ScaleTransformation::ScaleTransformation" xmi:id="_9.z.x.vET.oUE.e.iX.h7.aUW1DK7.g" xsi:type="uml:Operation"/><publish:element name="apply" publish:icon="137329536_icon.png" publish:qualifiedname="UMLModel::es::ucm::fdi::workspace::transformations::ScaleTransformation::apply" xmi:id="_9.z.y9MT.oUE.e.iX.h7.aUW1DK7.g" xsi:type="uml:Operation"/><publish:element name="contraerX" publish:icon="137356512_icon.png" publish:qualifiedname="UMLModel::es::ucm::fdi::workspace::transformations::ScaleTransformation::contraerX" xmi:id="_9.z0LUD.oUE.e.iX.h7.aUW1DK7.g" xsi:type="uml:Operation"/><publish:element name="contraerY" publish:icon="137356512_icon.png" publish:qualifiedname="UMLModel::es::ucm::fdi::workspace::transformations::ScaleTransformation::contraerY" xmi:id="_9.z1Z.cD.oUE.e.iX.h7.aUW1DK7.g" xsi:type="uml:Operation"/><publish:element name="contraerZ" publish:icon="137356512_icon.png" publish:qualifiedname="UMLModel::es::ucm::fdi::workspace::transformations::ScaleTransformation::contraerZ" xmi:id="_9.z2A.gD.oUE.e.iX.h7.aUW1DK7.g" xsi:type="uml:Operation"/><publish:element name="RotateTransformation" publish:icon="-26848688_icon.png" publish:qualifiedname="UMLModel::es::ucm::fdi::workspace::transformations::RotateTransformation" xmi:id="_9.wGI8T.oUE.e.iX.h7.aUW1DK7.g" xsi:type="uml:Class"/><publish:element name="RotateTransformation" publish:icon="137329536_icon.png" publish:qualifiedname="UMLModel::es::ucm::fdi::workspace::transformations::RotateTransformation::RotateTransformation" xmi:id="_91.p-YD.oUE.e.iX.h7.aUW1DK7.g" xsi:type="uml:Operation"/><publish:element name="apply" publish:icon="137329536_icon.png" publish:qualifiedname="UMLModel::es::ucm::fdi::workspace::transformations::RotateTransformation::apply" xmi:id="_91.rM.gD.oUE.e.iX.h7.aUW1DK7.g" xsi:type="uml:Operation"/><publish:element name="girarX" publish:icon="137356512_icon.png" publish:qualifiedname="UMLModel::es::ucm::fdi::workspace::transformations::RotateTransformation::girarX" xmi:id="_91.s.a.oD.oUE.e.iX.h7.aUW1DK7.g" xsi:type="uml:Operation"/><publish:element name="girarY" publish:icon="137356512_icon.png" publish:qualifiedname="UMLModel::es::ucm::fdi::workspace::transformations::RotateTransformation::girarY" xmi:id="_91.tB.s.j.oUE.e.iX.h7.aUW1DK7.g" xsi:type="uml:Operation"/><publish:element name="girarZ" publish:icon="137356512_icon.png" publish:qualifiedname="UMLModel::es::ucm::fdi::workspace::transformations::RotateTransformation::girarZ" xmi:id="_91.uP0T.oUE.e.iX.h7.aUW1DK7.g" xsi:type="uml:Operation"/><publish:element name="GraphTransformationBO" publish:icon="-38144528_icon.png" publish:qualifiedname="UMLModel::es::ucm::fdi::workspace::transformations::GraphTransformationBO" xmi:id="_9.wMP.k.z.oUE.e.iX.h7.aUW1DK7.g" xsi:type="uml:Interface"/><publish:element name="apply" publish:icon="137329536_icon.png" publish:qualifiedname="UMLModel::es::ucm::fdi::workspace::transformations::GraphTransformationBO::apply" xmi:id="_92.u8.cT.oUE.e.iX.h7.aUW1DK7.g" xsi:type="uml:Operation"/><publish:element name="MultiTreeMap" publish:icon="-26848688_icon.png" publish:qualifiedname="UMLModel::es::ucm::fdi::util::MultiTreeMap" xmi:id="_9.v.o18.z.oUE.e.iX.h7.aUW1DK7.g" xsi:type="uml:Class"/><publish:element publish:icon="137316816_icon.png" publish:qualifiedname="UMLModel::es::ucm::fdi::util::MultiTreeMap::&lt;RedefinableTemplateSignature&gt;" xmi:id="_9.v.p.dAT.oUE.e.iX.h7.aUW1DK7.g" xsi:type="uml:RedefinableTemplateSignature"/><publish:element name="K" publish:icon="-26848688_icon.png" publish:qualifiedname="UMLModel::es::ucm::fdi::util::MultiTreeMap::&lt;RedefinableTemplateSignature&gt;::&lt;ClassifierTemplateParameter&gt;::K" xmi:id="_9.v.p.dA.z.oUE.e.iX.h7.aUW1DK7.g" xsi:type="uml:Class"/><publish:element name="V" publish:icon="-26848688_icon.png" publish:qualifiedname="UMLModel::es::ucm::fdi::util::MultiTreeMap::&lt;RedefinableTemplateSignature&gt;::&lt;ClassifierTemplateParameter&gt;::V" xmi:id="_9.v.qEED.oUE.e.iX.h7.aUW1DK7.g" xsi:type="uml:Class"/><publish:element name="get" publish:icon="137329536_icon.png" publish:qualifiedname="UMLModel::es::ucm::fdi::util::MultiTreeMap::InnerList::get" xmi:id="_9.w.l4MD.oUE.e.iX.h7.aUW1DK7.g" xsi:type="uml:Operation"/><publish:element name="size" publish:icon="137329536_icon.png" publish:qualifiedname="UMLModel::es::ucm::fdi::util::MultiTreeMap::InnerList::size" xmi:id="_9.w.n.tYD.oUE.e.iX.h7.aUW1DK7.g" xsi:type="uml:Operation"/><publish:element name="InnerIterator" publish:icon="137356512_icon.png" publish:qualifiedname="UMLModel::es::ucm::fdi::util::MultiTreeMap::InnerIterator::InnerIterator" xmi:id="_9.w.vCID.oUE.e.iX.h7.aUW1DK7.g" xsi:type="uml:Operation"/><publish:element name="advance" publish:icon="137356512_icon.png" publish:qualifiedname="UMLModel::es::ucm::fdi::util::MultiTreeMap::InnerIterator::advance" xmi:id="_9.w.v.pMD.oUE.e.iX.h7.aUW1DK7.g" xsi:type="uml:Operation"/><publish:element name="hasNext" publish:icon="137329536_icon.png" publish:qualifiedname="UMLModel::es::ucm::fdi::util::MultiTreeMap::InnerIterator::hasNext" xmi:id="_9.w.v.pMT.oUE.e.iX.h7.aUW1DK7.g" xsi:type="uml:Operation"/><publish:element name="next" publish:icon="137329536_icon.png" publish:qualifiedname="UMLModel::es::ucm::fdi::util::MultiTreeMap::InnerIterator::next" xmi:id="_9.w.x.eYD.oUE.e.iX.h7.aUW1DK7.g" xsi:type="uml:Operation"/><publish:element name="MultiTreeMap" publish:icon="137329536_icon.png" publish:qualifiedname="UMLModel::es::ucm::fdi::util::MultiTreeMap::MultiTreeMap" xmi:id="_9.yA0.g.j.oUE.e.iX.h7.aUW1DK7.g" xsi:type="uml:Operation"/><publish:element name="MultiTreeMap" publish:icon="137329536_icon.png" publish:qualifiedname="UMLModel::es::ucm::fdi::util::MultiTreeMap::MultiTreeMap" xmi:id="_9.yB.b.kD.oUE.e.iX.h7.aUW1DK7.g" xsi:type="uml:Operation"/><publish:element name="putValue" publish:icon="137329536_icon.png" publish:qualifiedname="UMLModel::es::ucm::fdi::util::MultiTreeMap::putValue" xmi:id="_9.yCC.o.z.oUE.e.iX.h7.aUW1DK7.g" xsi:type="uml:Operation"/><publish:element name="removeValue" publish:icon="137329536_icon.png" publish:qualifiedname="UMLModel::es::ucm::fdi::util::MultiTreeMap::removeValue" xmi:id="_9.yDQ.w.j.oUE.e.iX.h7.aUW1DK7.g" xsi:type="uml:Operation"/><publish:element name="sizeOfValues" publish:icon="137329536_icon.png" publish:qualifiedname="UMLModel::es::ucm::fdi::util::MultiTreeMap::sizeOfValues" xmi:id="_9.yFF8D.oUE.e.iX.h7.aUW1DK7.g" xsi:type="uml:Operation"/><publish:element name="valuesList" publish:icon="137329536_icon.png" publish:qualifiedname="UMLModel::es::ucm::fdi::util::MultiTreeMap::valuesList" xmi:id="_9.yF.tAD.oUE.e.iX.h7.aUW1DK7.g" xsi:type="uml:Operation"/><publish:element name="innerValues" publish:icon="137329536_icon.png" publish:qualifiedname="UMLModel::es::ucm::fdi::util::MultiTreeMap::innerValues" xmi:id="_9.yG7IT.oUE.e.iX.h7.aUW1DK7.g" xsi:type="uml:Operation"/><publish:element name="HashGenerator" publish:icon="-26848688_icon.png" publish:qualifiedname="UMLModel::es::ucm::fdi::util::HashGenerator" xmi:id="_9.v8X8.z.oUE.e.iX.h7.aUW1DK7.g" xsi:type="uml:Class"/><publish:element name="HashGenerator" publish:icon="137329536_icon.png" publish:qualifiedname="UMLModel::es::ucm::fdi::util::HashGenerator::HashGenerator" xmi:id="_90M.l0D.oUE.e.iX.h7.aUW1DK7.g" xsi:type="uml:Operation"/><publish:element name="HashGenerator" publish:icon="137329536_icon.png" publish:qualifiedname="UMLModel::es::ucm::fdi::util::HashGenerator::HashGenerator" xmi:id="_90NM4D.oUE.e.iX.h7.aUW1DK7.g" xsi:type="uml:Operation"/><publish:element name="hash" publish:icon="137329536_icon.png" publish:qualifiedname="UMLModel::es::ucm::fdi::util::HashGenerator::hash" xmi:id="_90N.z8D.oUE.e.iX.h7.aUW1DK7.g" xsi:type="uml:Operation"/><publish:element name="authenticate" publish:icon="137329536_icon.png" publish:qualifiedname="UMLModel::es::ucm::fdi::util::HashGenerator::authenticate" xmi:id="_90PCE.z.oUE.e.iX.h7.aUW1DK7.g" xsi:type="uml:Operation"/><publish:element name="pbkdf2" publish:icon="137356512_icon.png" publish:qualifiedname="UMLModel::es::ucm::fdi::util::HashGenerator::pbkdf2" xmi:id="_90Q3QD.oUE.e.iX.h7.aUW1DK7.g" xsi:type="uml:Operation"/><publish:element name="checkFormat" publish:icon="137329536_icon.png" publish:qualifiedname="UMLModel::es::ucm::fdi::util::HashGenerator::checkFormat" xmi:id="_90S.s.dD.oUE.e.iX.h7.aUW1DK7.g" xsi:type="uml:Operation"/><publish:element name="FunctionToGraphic" publish:icon="-26848688_icon.png" publish:qualifiedname="UMLModel::es::ucm::fdi::util::FunctionToGraphic" xmi:id="_9.wF.h4.z.oUE.e.iX.h7.aUW1DK7.g" xsi:type="uml:Class"/><publish:element name="FunctionParserUtils" publish:icon="-26848688_icon.png" publish:qualifiedname="UMLModel::es::ucm::fdi::util::FunctionParserUtils" xmi:id="_9.wLB.cD.oUE.e.iX.h7.aUW1DK7.g" xsi:type="uml:Class"/><publish:element name="FunctionParserUtils" publish:icon="137356512_icon.png" publish:qualifiedname="UMLModel::es::ucm::fdi::util::FunctionParserUtils::FunctionParserUtils" xmi:id="_92.iII.j.oUE.e.iX.h7.aUW1DK7.g" xsi:type="uml:Operation"/><publish:element name="parse" publish:icon="137329536_icon.png" publish:qualifiedname="UMLModel::es::ucm::fdi::util::FunctionParserUtils::parse" xmi:id="_92.jWQD.oUE.e.iX.h7.aUW1DK7.g" xsi:type="uml:Operation"/><publish:element name="stripExtraParenthesis" publish:icon="137329536_icon.png" publish:qualifiedname="UMLModel::es::ucm::fdi::util::FunctionParserUtils::stripExtraParenthesis" xmi:id="_92.k.kYD.oUE.e.iX.h7.aUW1DK7.g" xsi:type="uml:Operation"/><publish:element name="getEndOfParenthesis" publish:icon="137329536_icon.png" publish:qualifiedname="UMLModel::es::ucm::fdi::util::FunctionParserUtils::getEndOfParenthesis" xmi:id="_92.l.y.gD.oUE.e.iX.h7.aUW1DK7.g" xsi:type="uml:Operation"/><publish:element name="AbstractList&lt;V&gt;" publish:icon="-26848688_icon.png" publish:qualifiedname="UMLModel::es::ucm::fdi::util::AbstractList&lt;V&gt;" xmi:id="_9.w.rX.wD.oUE.e.iX.h7.aUW1DK7.g" xsi:type="uml:Class"/><publish:element name="Iterator&lt;ArrayList&lt;V&gt;&gt;" publish:icon="-38144528_icon.png" publish:qualifiedname="UMLModel::es::ucm::fdi::util::Iterator&lt;ArrayList&lt;V&gt;&gt;" xmi:id="_9.w.r-0D.oUE.e.iX.h7.aUW1DK7.g" xsi:type="uml:Interface"/><publish:element name="Iterator&lt;V&gt;" publish:icon="-38144528_icon.png" publish:qualifiedname="UMLModel::es::ucm::fdi::util::Iterator&lt;V&gt;" xmi:id="_9.w.tM8D.oUE.e.iX.h7.aUW1DK7.g" xsi:type="uml:Interface"/><publish:element name="Comparator&lt;K&gt;" publish:icon="-38144528_icon.png" publish:qualifiedname="UMLModel::es::ucm::fdi::util::Comparator&lt;K&gt;" xmi:id="_9.yCC.oD.oUE.e.iX.h7.aUW1DK7.g" xsi:type="uml:Interface"/><publish:element name="Iterable&lt;V&gt;" publish:icon="-38144528_icon.png" publish:qualifiedname="UMLModel::es::ucm::fdi::util::Iterable&lt;V&gt;" xmi:id="_9.yH.iM.j.oUE.e.iX.h7.aUW1DK7.g" xsi:type="uml:Interface"/><publish:element name="TreeMap&lt;K,ArrayList&lt;V&gt;&gt;" publish:icon="-26848688_icon.png" publish:qualifiedname="UMLModel::es::ucm::fdi::util::TreeMap&lt;K,ArrayList&lt;V&gt;&gt;" xmi:id="_9.yI.wUD.oUE.e.iX.h7.aUW1DK7.g" xsi:type="uml:Class"/><publish:element name="ExponentialFunction" publish:icon="-26848688_icon.png" publish:qualifiedname="UMLModel::es::ucm::fdi::workspace::function::binarytypes::ExponentialFunction" xmi:id="_9.v.mZ.s.j.oUE.e.iX.h7.aUW1DK7.g" xsi:type="uml:Class"/><publish:element name="parse" publish:icon="137329536_icon.png" publish:qualifiedname="UMLModel::es::ucm::fdi::workspace::function::binarytypes::ExponentialFunction::Parser::parse" xmi:id="_9.z.e0ID.oUE.e.iX.h7.aUW1DK7.g" xsi:type="uml:Operation"/><publish:element name="ExponentialFunction" publish:icon="137329536_icon.png" publish:qualifiedname="UMLModel::es::ucm::fdi::workspace::function::binarytypes::ExponentialFunction::ExponentialFunction" xmi:id="_9.wQ.hAT.oUE.e.iX.h7.aUW1DK7.g" xsi:type="uml:Operation"/><publish:element name="ExponentialFunction" publish:icon="137329536_icon.png" publish:qualifiedname="UMLModel::es::ucm::fdi::workspace::function::binarytypes::ExponentialFunction::ExponentialFunction" xmi:id="_9.wRIED.oUE.e.iX.h7.aUW1DK7.g" xsi:type="uml:Operation"/><publish:element name="toString" publish:icon="137329536_icon.png" publish:qualifiedname="UMLModel::es::ucm::fdi::workspace::function::binarytypes::ExponentialFunction::toString" xmi:id="_9.wW.n.oT.oUE.e.iX.h7.aUW1DK7.g" xsi:type="uml:Operation"/><publish:element name="evaluateExpr" publish:icon="137346864_icon.png" publish:qualifiedname="UMLModel::es::ucm::fdi::workspace::function::binarytypes::ExponentialFunction::evaluateExpr" xmi:id="_9.wZD4D.oUE.e.iX.h7.aUW1DK7.g" xsi:type="uml:Operation"/><publish:element name="ProductFunction" publish:icon="-26848688_icon.png" publish:qualifiedname="UMLModel::es::ucm::fdi::workspace::function::binarytypes::ProductFunction" xmi:id="_9.v.r5QD.oUE.e.iX.h7.aUW1DK7.g" xsi:type="uml:Class"/><publish:element name="parse" publish:icon="137329536_icon.png" publish:qualifiedname="UMLModel::es::ucm::fdi::workspace::function::binarytypes::ProductFunction::Parser::parse" xmi:id="_9.z.bJ.wT.oUE.e.iX.h7.aUW1DK7.g" xsi:type="uml:Operation"/><publish:element name="ProductFunction" publish:icon="137329536_icon.png" publish:qualifiedname="UMLModel::es::ucm::fdi::workspace::function::binarytypes::ProductFunction::ProductFunction" xmi:id="_9.w298D.oUE.e.iX.h7.aUW1DK7.g" xsi:type="uml:Operation"/><publish:element name="ProductFunction" publish:icon="137329536_icon.png" publish:qualifiedname="UMLModel::es::ucm::fdi::workspace::function::binarytypes::ProductFunction::ProductFunction" xmi:id="_9.w298T.oUE.e.iX.h7.aUW1DK7.g" xsi:type="uml:Operation"/><publish:element name="toString" publish:icon="137329536_icon.png" publish:qualifiedname="UMLModel::es::ucm::fdi::workspace::function::binarytypes::ProductFunction::toString" xmi:id="_9.w4MED.oUE.e.iX.h7.aUW1DK7.g" xsi:type="uml:Operation"/><publish:element name="evaluateExpr" publish:icon="137346864_icon.png" publish:qualifiedname="UMLModel::es::ucm::fdi::workspace::function::binarytypes::ProductFunction::evaluateExpr" xmi:id="_9.w5.aMD.oUE.e.iX.h7.aUW1DK7.g" xsi:type="uml:Operation"/><publish:element name="LogarithmicFunction" publish:icon="-26848688_icon.png" publish:qualifiedname="UMLModel::es::ucm::fdi::workspace::function::binarytypes::LogarithmicFunction" xmi:id="_9.v.y.m8D.oUE.e.iX.h7.aUW1DK7.g" xsi:type="uml:Class"/><publish:element name="parse" publish:icon="137329536_icon.png" publish:qualifiedname="UMLModel::es::ucm::fdi::workspace::function::binarytypes::LogarithmicFunction::Parser::parse" xmi:id="_9.yUW.gD.oUE.e.iX.h7.aUW1DK7.g" xsi:type="uml:Operation"/><publish:element name="LogarithmicFunction" publish:icon="137329536_icon.png" publish:qualifiedname="UMLModel::es::ucm::fdi::workspace::function::binarytypes::LogarithmicFunction::LogarithmicFunction" xmi:id="_9.x.fQET.oUE.e.iX.h7.aUW1DK7.g" xsi:type="uml:Operation"/><publish:element name="LogarithmicFunction" publish:icon="137329536_icon.png" publish:qualifiedname="UMLModel::es::ucm::fdi::workspace::function::binarytypes::LogarithmicFunction::LogarithmicFunction" xmi:id="_9.x.f3ID.oUE.e.iX.h7.aUW1DK7.g" xsi:type="uml:Operation"/><publish:element name="toString" publish:icon="137329536_icon.png" publish:qualifiedname="UMLModel::es::ucm::fdi::workspace::function::binarytypes::LogarithmicFunction::toString" xmi:id="_9.x.hFQD.oUE.e.iX.h7.aUW1DK7.g" xsi:type="uml:Operation"/><publish:element name="evaluateExpr" publish:icon="137346864_icon.png" publish:qualifiedname="UMLModel::es::ucm::fdi::workspace::function::binarytypes::LogarithmicFunction::evaluateExpr" xmi:id="_9.x.iTYD.oUE.e.iX.h7.aUW1DK7.g" xsi:type="uml:Operation"/><publish:element name="DivideFunction" publish:icon="-26848688_icon.png" publish:qualifiedname="UMLModel::es::ucm::fdi::workspace::function::binarytypes::DivideFunction" xmi:id="_9.v.z1ED.oUE.e.iX.h7.aUW1DK7.g" xsi:type="uml:Class"/><publish:element name="parse" publish:icon="137329536_icon.png" publish:qualifiedname="UMLModel::es::ucm::fdi::workspace::function::binarytypes::DivideFunction::Parser::parse" xmi:id="_9.x.sEYT.oUE.e.iX.h7.aUW1DK7.g" xsi:type="uml:Operation"/><publish:element name="DivideFunction" publish:icon="137329536_icon.png" publish:qualifiedname="UMLModel::es::ucm::fdi::workspace::function::binarytypes::DivideFunction::DivideFunction" xmi:id="_9.z65AT.oUE.e.iX.h7.aUW1DK7.g" xsi:type="uml:Operation"/><publish:element name="DivideFunction" publish:icon="137329536_icon.png" publish:qualifiedname="UMLModel::es::ucm::fdi::workspace::function::binarytypes::DivideFunction::DivideFunction" xmi:id="_9.z7.gED.oUE.e.iX.h7.aUW1DK7.g" xsi:type="uml:Operation"/><publish:element name="toString" publish:icon="137329536_icon.png" publish:qualifiedname="UMLModel::es::ucm::fdi::workspace::function::binarytypes::DivideFunction::toString" xmi:id="_9.z8HI.j.oUE.e.iX.h7.aUW1DK7.g" xsi:type="uml:Operation"/><publish:element name="evaluateExpr" publish:icon="137346864_icon.png" publish:qualifiedname="UMLModel::es::ucm::fdi::workspace::function::binarytypes::DivideFunction::evaluateExpr" xmi:id="_9.z98UD.oUE.e.iX.h7.aUW1DK7.g" xsi:type="uml:Operation"/><publish:element name="SumFunction" publish:icon="-26848688_icon.png" publish:qualifiedname="UMLModel::es::ucm::fdi::workspace::function::binarytypes::SumFunction" xmi:id="_9.v2RU.j.oUE.e.iX.h7.aUW1DK7.g" xsi:type="uml:Class"/><publish:element name="parse" publish:icon="137329536_icon.png" publish:qualifiedname="UMLModel::es::ucm::fdi::workspace::function::binarytypes::SumFunction::Parser::parse" xmi:id="_928X0T.oUE.e.iX.h7.aUW1DK7.g" xsi:type="uml:Operation"/><publish:element name="SumFunction" publish:icon="137329536_icon.png" publish:qualifiedname="UMLModel::es::ucm::fdi::workspace::function::binarytypes::SumFunction::SumFunction" xmi:id="_9.y.f8.sT.oUE.e.iX.h7.aUW1DK7.g" xsi:type="uml:Operation"/><publish:element name="SumFunction" publish:icon="137329536_icon.png" publish:qualifiedname="UMLModel::es::ucm::fdi::workspace::function::binarytypes::SumFunction::SumFunction" xmi:id="_9.y.g.j.wD.oUE.e.iX.h7.aUW1DK7.g" xsi:type="uml:Operation"/><publish:element name="toString" publish:icon="137329536_icon.png" publish:qualifiedname="UMLModel::es::ucm::fdi::workspace::function::binarytypes::SumFunction::toString" xmi:id="_9.y.h.x4D.oUE.e.iX.h7.aUW1DK7.g" xsi:type="uml:Operation"/><publish:element name="evaluateExpr" publish:icon="137346864_icon.png" publish:qualifiedname="UMLModel::es::ucm::fdi::workspace::function::binarytypes::SumFunction::evaluateExpr" xmi:id="_9.y.jAAD.oUE.e.iX.h7.aUW1DK7.g" xsi:type="uml:Operation"/><publish:element name="ModuloFunction" publish:icon="-26848688_icon.png" publish:qualifiedname="UMLModel::es::ucm::fdi::workspace::function::binarytypes::ModuloFunction" xmi:id="_9.wACUT.oUE.e.iX.h7.aUW1DK7.g" xsi:type="uml:Class"/><publish:element name="parse" publish:icon="137329536_icon.png" publish:qualifiedname="UMLModel::es::ucm::fdi::workspace::function::binarytypes::ModuloFunction::Parser::parse" xmi:id="_915O8D.oUE.e.iX.h7.aUW1DK7.g" xsi:type="uml:Operation"/><publish:element name="ModuloFunction" publish:icon="137329536_icon.png" publish:qualifiedname="UMLModel::es::ucm::fdi::workspace::function::binarytypes::ModuloFunction::ModuloFunction" xmi:id="_907.l.oT.oUE.e.iX.h7.aUW1DK7.g" xsi:type="uml:Operation"/><publish:element name="ModuloFunction" publish:icon="137329536_icon.png" publish:qualifiedname="UMLModel::es::ucm::fdi::workspace::function::binarytypes::ModuloFunction::ModuloFunction" xmi:id="_908M.sD.oUE.e.iX.h7.aUW1DK7.g" xsi:type="uml:Operation"/><publish:element name="toString" publish:icon="137329536_icon.png" publish:qualifiedname="UMLModel::es::ucm::fdi::workspace::function::binarytypes::ModuloFunction::toString" xmi:id="_909.a0D.oUE.e.iX.h7.aUW1DK7.g" xsi:type="uml:Operation"/><publish:element name="evaluateExpr" publish:icon="137346864_icon.png" publish:qualifiedname="UMLModel::es::ucm::fdi::workspace::function::binarytypes::ModuloFunction::evaluateExpr" xmi:id="_90_QAD.oUE.e.iX.h7.aUW1DK7.g" xsi:type="uml:Operation"/><publish:element name="SubstractFunction" publish:icon="-26848688_icon.png" publish:qualifiedname="UMLModel::es::ucm::fdi::workspace::function::binarytypes::SubstractFunction" xmi:id="_9.wE60D.oUE.e.iX.h7.aUW1DK7.g" xsi:type="uml:Class"/><publish:element name="parse" publish:icon="137329536_icon.png" publish:qualifiedname="UMLModel::es::ucm::fdi::workspace::function::binarytypes::SubstractFunction::Parser::parse" xmi:id="_91.mUAT.oUE.e.iX.h7.aUW1DK7.g" xsi:type="uml:Operation"/><publish:element name="SubstractFunction" publish:icon="137329536_icon.png" publish:qualifiedname="UMLModel::es::ucm::fdi::workspace::function::binarytypes::SubstractFunction::SubstractFunction" xmi:id="_91.v.d8D.oUE.e.iX.h7.aUW1DK7.g" xsi:type="uml:Operation"/><publish:element name="SubstractFunction" publish:icon="137329536_icon.png" publish:qualifiedname="UMLModel::es::ucm::fdi::workspace::function::binarytypes::SubstractFunction::SubstractFunction" xmi:id="_91.wFAD.oUE.e.iX.h7.aUW1DK7.g" xsi:type="uml:Operation"/><publish:element name="toString" publish:icon="137329536_icon.png" publish:qualifiedname="UMLModel::es::ucm::fdi::workspace::function::binarytypes::SubstractFunction::toString" xmi:id="_91.w.sE.j.oUE.e.iX.h7.aUW1DK7.g" xsi:type="uml:Operation"/><publish:element name="evaluateExpr" publish:icon="137346864_icon.png" publish:qualifiedname="UMLModel::es::ucm::fdi::workspace::function::binarytypes::SubstractFunction::evaluateExpr" xmi:id="_91.x6MD.oUE.e.iX.h7.aUW1DK7.g" xsi:type="uml:Operation"/><publish:element name="WorkAS" publish:icon="-26848688_icon.png" publish:qualifiedname="UMLModel::es::ucm::fdi::workspace::project::WorkAS" xmi:id="_9.v.nA.w.j.oUE.e.iX.h7.aUW1DK7.g" xsi:type="uml:Class"/><publish:element name="WorkAS" publish:icon="137329536_icon.png" publish:qualifiedname="UMLModel::es::ucm::fdi::workspace::project::WorkAS::WorkAS" xmi:id="_9.w.a5ED.oUE.e.iX.h7.aUW1DK7.g" xsi:type="uml:Operation"/><publish:element name="addFunction" publish:icon="137329536_icon.png" publish:qualifiedname="UMLModel::es::ucm::fdi::workspace::project::WorkAS::addFunction" xmi:id="_9.w.cHMT.oUE.e.iX.h7.aUW1DK7.g" xsi:type="uml:Operation"/><publish:element name="addVisualizationBO" publish:icon="137329536_icon.png" publish:qualifiedname="UMLModel::es::ucm::fdi::workspace::project::WorkAS::addVisualizationBO" xmi:id="_9.w.dVUT.oUE.e.iX.h7.aUW1DK7.g" xsi:type="uml:Operation"/><publish:element name="transformFunction" publish:icon="137329536_icon.png" publish:qualifiedname="UMLModel::es::ucm::fdi::workspace::project::WorkAS::transformFunction" xmi:id="_9.w.f.x.kD.oUE.e.iX.h7.aUW1DK7.g" xsi:type="uml:Operation"/><publish:element name="ProjectTO" publish:icon="-26848688_icon.png" publish:qualifiedname="UMLModel::es::ucm::fdi::workspace::project::ProjectTO" xmi:id="_9.v.zOAD.oUE.e.iX.h7.aUW1DK7.g" xsi:type="uml:Class"/><publish:element name="ProjectTO" publish:icon="137329536_icon.png" publish:qualifiedname="UMLModel::es::ucm::fdi::workspace::project::ProjectTO::ProjectTO" xmi:id="_9.x.n.y8D.oUE.e.iX.h7.aUW1DK7.g" xsi:type="uml:Operation"/><publish:element name="ProjectTO" publish:icon="137329536_icon.png" publish:qualifiedname="UMLModel::es::ucm::fdi::workspace::project::ProjectTO::ProjectTO" xmi:id="_9.x.o.aAT.oUE.e.iX.h7.aUW1DK7.g" xsi:type="uml:Operation"/><publish:element name="ProjectTO" publish:icon="137329536_icon.png" publish:qualifiedname="UMLModel::es::ucm::fdi::workspace::project::ProjectTO::ProjectTO" xmi:id="_9.x.qPMT.oUE.e.iX.h7.aUW1DK7.g" xsi:type="uml:Operation"/><publish:element name="ProjectManagerAS" publish:icon="-26848688_icon.png" publish:qualifiedname="UMLModel::es::ucm::fdi::workspace::project::ProjectManagerAS" xmi:id="_9.v5U.o.j.oUE.e.iX.h7.aUW1DK7.g" xsi:type="uml:Class"/><publish:element name="ProjectManagerAS" publish:icon="137356512_icon.png" publish:qualifiedname="UMLModel::es::ucm::fdi::workspace::project::ProjectManagerAS::ProjectManagerAS" xmi:id="_9.z.h3.cD.oUE.e.iX.h7.aUW1DK7.g" xsi:type="uml:Operation"/><publish:element name="getManager" publish:icon="137329536_icon.png" publish:qualifiedname="UMLModel::es::ucm::fdi::workspace::project::ProjectManagerAS::getManager" xmi:id="_9.z.i.e.gT.oUE.e.iX.h7.aUW1DK7.g" xsi:type="uml:Operation"/><publish:element name="newProject" publish:icon="137329536_icon.png" publish:qualifiedname="UMLModel::es::ucm::fdi::workspace::project::ProjectManagerAS::newProject" xmi:id="_9.z.j.s.oT.oUE.e.iX.h7.aUW1DK7.g" xsi:type="uml:Operation"/><publish:element name="removeProject" publish:icon="137329536_icon.png" publish:qualifiedname="UMLModel::es::ucm::fdi::workspace::project::ProjectManagerAS::removeProject" xmi:id="_9.z.kT.sT.oUE.e.iX.h7.aUW1DK7.g" xsi:type="uml:Operation"/><publish:element name="openProject" publish:icon="137329536_icon.png" publish:qualifiedname="UMLModel::es::ucm::fdi::workspace::project::ProjectManagerAS::openProject" xmi:id="_9.z.l.h0D.oUE.e.iX.h7.aUW1DK7.g" xsi:type="uml:Operation"/><publish:element name="saveChanges" publish:icon="137329536_icon.png" publish:qualifiedname="UMLModel::es::ucm::fdi::workspace::project::ProjectManagerAS::saveChanges" xmi:id="_9.z.mI4T.oUE.e.iX.h7.aUW1DK7.g" xsi:type="uml:Operation"/><publish:element name="validateProjectDetails" publish:icon="137356512_icon.png" publish:qualifiedname="UMLModel::es::ucm::fdi::workspace::project::ProjectManagerAS::validateProjectDetails" xmi:id="_9.z.m.v8T.oUE.e.iX.h7.aUW1DK7.g" xsi:type="uml:Operation"/><publish:element name="ProjectDAO" publish:icon="-38144528_icon.png" publish:qualifiedname="UMLModel::es::ucm::fdi::workspace::project::ProjectDAO" xmi:id="_9.v9.mE.j.oUE.e.iX.h7.aUW1DK7.g" xsi:type="uml:Interface"/><publish:element name="addProject" publish:icon="137329536_icon.png" publish:qualifiedname="UMLModel::es::ucm::fdi::workspace::project::ProjectDAO::addProject" xmi:id="_90.e5.s.z.oUE.e.iX.h7.aUW1DK7.g" xsi:type="uml:Operation"/><publish:element name="removeProject" publish:icon="137329536_icon.png" publish:qualifiedname="UMLModel::es::ucm::fdi::workspace::project::ProjectDAO::removeProject" xmi:id="_90.gH0T.oUE.e.iX.h7.aUW1DK7.g" xsi:type="uml:Operation"/><publish:element name="modifyProject" publish:icon="137329536_icon.png" publish:qualifiedname="UMLModel::es::ucm::fdi::workspace::project::ProjectDAO::modifyProject" xmi:id="_90.hV8T.oUE.e.iX.h7.aUW1DK7.g" xsi:type="uml:Operation"/><publish:element name="findProject" publish:icon="137329536_icon.png" publish:qualifiedname="UMLModel::es::ucm::fdi::workspace::project::ProjectDAO::findProject" xmi:id="_90.h9A.j.oUE.e.iX.h7.aUW1DK7.g" xsi:type="uml:Operation"/><publish:element name="containsProject" publish:icon="137329536_icon.png" publish:qualifiedname="UMLModel::es::ucm::fdi::workspace::project::ProjectDAO::containsProject" xmi:id="_90.jLIT.oUE.e.iX.h7.aUW1DK7.g" xsi:type="uml:Operation"/><publish:element name="ProjectDAOHashTableImp" publish:icon="-26848688_icon.png" publish:qualifiedname="UMLModel::es::ucm::fdi::workspace::project::ProjectDAOHashTableImp" xmi:id="_9.v-0MT.oUE.e.iX.h7.aUW1DK7.g" xsi:type="uml:Class"/><publish:element name="ProjectDAOHashTableImp" publish:icon="137329536_icon.png" publish:qualifiedname="UMLModel::es::ucm::fdi::workspace::project::ProjectDAOHashTableImp::ProjectDAOHashTableImp" xmi:id="_90.r.uA.z.oUE.e.iX.h7.aUW1DK7.g" xsi:type="uml:Operation"/><publish:element name="addProject" publish:icon="137329536_icon.png" publish:qualifiedname="UMLModel::es::ucm::fdi::workspace::project::ProjectDAOHashTableImp::addProject" xmi:id="_90.sVED.oUE.e.iX.h7.aUW1DK7.g" xsi:type="uml:Operation"/><publish:element name="removeProject" publish:icon="137329536_icon.png" publish:qualifiedname="UMLModel::es::ucm::fdi::workspace::project::ProjectDAOHashTableImp::removeProject" xmi:id="_90.s8IT.oUE.e.iX.h7.aUW1DK7.g" xsi:type="uml:Operation"/><publish:element name="modifyProject" publish:icon="137329536_icon.png" publish:qualifiedname="UMLModel::es::ucm::fdi::workspace::project::ProjectDAOHashTableImp::modifyProject" xmi:id="_90.t.jMT.oUE.e.iX.h7.aUW1DK7.g" xsi:type="uml:Operation"/><publish:element name="findProject" publish:icon="137329536_icon.png" publish:qualifiedname="UMLModel::es::ucm::fdi::workspace::project::ProjectDAOHashTableImp::findProject" xmi:id="_90.zC.wT.oUE.e.iX.h7.aUW1DK7.g" xsi:type="uml:Operation"/><publish:element name="containsProject" publish:icon="137329536_icon.png" publish:qualifiedname="UMLModel::es::ucm::fdi::workspace::project::ProjectDAOHashTableImp::containsProject" xmi:id="_90.z.p0.j.oUE.e.iX.h7.aUW1DK7.g" xsi:type="uml:Operation"/><publish:element name="MemoryDB&lt;ProjectTO&gt;" publish:icon="-26848688_icon.png" publish:qualifiedname="UMLModel::es::ucm::fdi::workspace::project::MemoryDB&lt;ProjectTO&gt;" xmi:id="_90.q.f4D.oUE.e.iX.h7.aUW1DK7.g" xsi:type="uml:Class"/><publish:element name="NotFoundException" publish:icon="-26848688_icon.png" publish:qualifiedname="UMLModel::es::ucm::fdi::exceptions::NotFoundException" xmi:id="_9.wB3.g.j.oUE.e.iX.h7.aUW1DK7.g" xsi:type="uml:Class"/><publish:element name="NotFoundException" publish:icon="137329536_icon.png" publish:qualifiedname="UMLModel::es::ucm::fdi::exceptions::NotFoundException::NotFoundException" xmi:id="_91PH.oD.oUE.e.iX.h7.aUW1DK7.g" xsi:type="uml:Operation"/><publish:element name="NotFoundException" publish:icon="137329536_icon.png" publish:qualifiedname="UMLModel::es::ucm::fdi::exceptions::NotFoundException::NotFoundException" xmi:id="_91QV.w.j.oUE.e.iX.h7.aUW1DK7.g" xsi:type="uml:Operation"/><publish:element name="DuplicatedIDException" publish:icon="-26848688_icon.png" publish:qualifiedname="UMLModel::es::ucm::fdi::exceptions::DuplicatedIDException" xmi:id="_9.wI.lMT.oUE.e.iX.h7.aUW1DK7.g" xsi:type="uml:Class"/><publish:element name="DuplicatedIDException" publish:icon="137329536_icon.png" publish:qualifiedname="UMLModel::es::ucm::fdi::exceptions::DuplicatedIDException::DuplicatedIDException" xmi:id="_92RCY.j.oUE.e.iX.h7.aUW1DK7.g" xsi:type="uml:Operation"/><publish:element name="DuplicatedIDException" publish:icon="137329536_icon.png" publish:qualifiedname="UMLModel::es::ucm::fdi::exceptions::DuplicatedIDException::DuplicatedIDException" xmi:id="_92SQ.g.j.oUE.e.iX.h7.aUW1DK7.g" xsi:type="uml:Operation"/><publish:element name="IdentityFunction" publish:icon="-26848688_icon.png" publish:qualifiedname="UMLModel::es::ucm::fdi::workspace::function::unarytypes::IdentityFunction" xmi:id="_9.v.rSMD.oUE.e.iX.h7.aUW1DK7.g" xsi:type="uml:Class"/><publish:element name="parse" publish:icon="137329536_icon.png" publish:qualifiedname="UMLModel::es::ucm::fdi::workspace::function::unarytypes::IdentityFunction::Parser::parse" xmi:id="_91FW.oT.oUE.e.iX.h7.aUW1DK7.g" xsi:type="uml:Operation"/><publish:element name="IdentityFunction" publish:icon="137329536_icon.png" publish:qualifiedname="UMLModel::es::ucm::fdi::workspace::function::unarytypes::IdentityFunction::IdentityFunction" xmi:id="_9.w.z6.oD.oUE.e.iX.h7.aUW1DK7.g" xsi:type="uml:Operation"/><publish:element name="toString" publish:icon="137329536_icon.png" publish:qualifiedname="UMLModel::es::ucm::fdi::workspace::function::unarytypes::IdentityFunction::toString" xmi:id="_9.w0.h.sT.oUE.e.iX.h7.aUW1DK7.g" xsi:type="uml:Operation"/><publish:element name="evaluateExpr" publish:icon="137346864_icon.png" publish:qualifiedname="UMLModel::es::ucm::fdi::workspace::function::unarytypes::IdentityFunction::evaluateExpr" xmi:id="_9.w1I.wD.oUE.e.iX.h7.aUW1DK7.g" xsi:type="uml:Operation"/><publish:element name="Log10Function" publish:icon="-26848688_icon.png" publish:qualifiedname="UMLModel::es::ucm::fdi::workspace::function::unarytypes::Log10Function" xmi:id="_9.v.s.gUD.oUE.e.iX.h7.aUW1DK7.g" xsi:type="uml:Class"/><publish:element name="parse" publish:icon="137329536_icon.png" publish:qualifiedname="UMLModel::es::ucm::fdi::workspace::function::unarytypes::Log10Function::Parser::parse" xmi:id="_9.zY.t.gD.oUE.e.iX.h7.aUW1DK7.g" xsi:type="uml:Operation"/><publish:element name="Log10Function" publish:icon="137329536_icon.png" publish:qualifiedname="UMLModel::es::ucm::fdi::workspace::function::unarytypes::Log10Function::Log10Function" xmi:id="_9.w7PYD.oUE.e.iX.h7.aUW1DK7.g" xsi:type="uml:Operation"/><publish:element name="toString" publish:icon="137329536_icon.png" publish:qualifiedname="UMLModel::es::ucm::fdi::workspace::function::unarytypes::Log10Function::toString" xmi:id="_9.w72.cT.oUE.e.iX.h7.aUW1DK7.g" xsi:type="uml:Operation"/><publish:element name="evaluateExpr" publish:icon="137346864_icon.png" publish:qualifiedname="UMLModel::es::ucm::fdi::workspace::function::unarytypes::Log10Function::evaluateExpr" xmi:id="_9.w9.r.oD.oUE.e.iX.h7.aUW1DK7.g" xsi:type="uml:Operation"/><publish:element name="SecantFunction" publish:icon="-26848688_icon.png" publish:qualifiedname="UMLModel::es::ucm::fdi::workspace::function::unarytypes::SecantFunction" xmi:id="_9.v.tHY.j.oUE.e.iX.h7.aUW1DK7.g" xsi:type="uml:Class"/><publish:element name="parse" publish:icon="137329536_icon.png" publish:qualifiedname="UMLModel::es::ucm::fdi::workspace::function::unarytypes::SecantFunction::Parser::parse" xmi:id="_92_.bIT.oUE.e.iX.h7.aUW1DK7.g" xsi:type="uml:Operation"/><publish:element name="SecantFunction" publish:icon="137329536_icon.png" publish:qualifiedname="UMLModel::es::ucm::fdi::workspace::function::unarytypes::SecantFunction::SecantFunction" xmi:id="_9.xFAYD.oUE.e.iX.h7.aUW1DK7.g" xsi:type="uml:Operation"/><publish:element name="toString" publish:icon="137329536_icon.png" publish:qualifiedname="UMLModel::es::ucm::fdi::workspace::function::unarytypes::SecantFunction::toString" xmi:id="_9.xF.n.cT.oUE.e.iX.h7.aUW1DK7.g" xsi:type="uml:Operation"/><publish:element name="evaluateExpr" publish:icon="137346864_icon.png" publish:qualifiedname="UMLModel::es::ucm::fdi::workspace::function::unarytypes::SecantFunction::evaluateExpr" xmi:id="_9.xG1.kD.oUE.e.iX.h7.aUW1DK7.g" xsi:type="uml:Operation"/><publish:element name="CotangentFunction" publish:icon="-26848688_icon.png" publish:qualifiedname="UMLModel::es::ucm::fdi::workspace::function::unarytypes::CotangentFunction" xmi:id="_9.v.wK.s.j.oUE.e.iX.h7.aUW1DK7.g" xsi:type="uml:Class"/><publish:element name="parse" publish:icon="137329536_icon.png" publish:qualifiedname="UMLModel::es::ucm::fdi::workspace::function::unarytypes::CotangentFunction::Parser::parse" xmi:id="_9.xZJ.cT.oUE.e.iX.h7.aUW1DK7.g" xsi:type="uml:Operation"/><publish:element name="CotangentFunction" publish:icon="137329536_icon.png" publish:qualifiedname="UMLModel::es::ucm::fdi::workspace::function::unarytypes::CotangentFunction::CotangentFunction" xmi:id="_9.y.r.i4T.oUE.e.iX.h7.aUW1DK7.g" xsi:type="uml:Operation"/><publish:element name="toString" publish:icon="137329536_icon.png" publish:qualifiedname="UMLModel::es::ucm::fdi::workspace::function::unarytypes::CotangentFunction::toString" xmi:id="_9.y.s.xAT.oUE.e.iX.h7.aUW1DK7.g" xsi:type="uml:Operation"/><publish:element name="evaluateExpr" publish:icon="137346864_icon.png" publish:qualifiedname="UMLModel::es::ucm::fdi::workspace::function::unarytypes::CotangentFunction::evaluateExpr" xmi:id="_9.y.t_ID.oUE.e.iX.h7.aUW1DK7.g" xsi:type="uml:Operation"/><publish:element name="ConstantFunction" publish:icon="-26848688_icon.png" publish:qualifiedname="UMLModel::es::ucm::fdi::workspace::function::unarytypes::ConstantFunction" xmi:id="_9.v24Y.j.oUE.e.iX.h7.aUW1DK7.g" xsi:type="uml:Class"/><publish:element name="parse" publish:icon="137329536_icon.png" publish:qualifiedname="UMLModel::es::ucm::fdi::workspace::function::unarytypes::ConstantFunction::Parser::parse" xmi:id="_9.y.pG.oT.oUE.e.iX.h7.aUW1DK7.g" xsi:type="uml:Operation"/><publish:element name="ConstantFunction" publish:icon="137329536_icon.png" publish:qualifiedname="UMLModel::es::ucm::fdi::workspace::function::unarytypes::ConstantFunction::ConstantFunction" xmi:id="_90U.h.oD.oUE.e.iX.h7.aUW1DK7.g" xsi:type="uml:Operation"/><publish:element name="toString" publish:icon="137329536_icon.png" publish:qualifiedname="UMLModel::es::ucm::fdi::workspace::function::unarytypes::ConstantFunction::toString" xmi:id="_90V.v.wD.oUE.e.iX.h7.aUW1DK7.g" xsi:type="uml:Operation"/><publish:element name="evaluateExpr" publish:icon="137346864_icon.png" publish:qualifiedname="UMLModel::es::ucm::fdi::workspace::function::unarytypes::ConstantFunction::evaluateExpr" xmi:id="_90V.v.w.j.oUE.e.iX.h7.aUW1DK7.g" xsi:type="uml:Operation"/><publish:element name="LnFunction" publish:icon="-26848688_icon.png" publish:qualifiedname="UMLModel::es::ucm::fdi::workspace::function::unarytypes::LnFunction" xmi:id="_9.wA.pYD.oUE.e.iX.h7.aUW1DK7.g" xsi:type="uml:Class"/><publish:element name="parse" publish:icon="137329536_icon.png" publish:qualifiedname="UMLModel::es::ucm::fdi::workspace::function::unarytypes::LnFunction::Parser::parse" xmi:id="_93C.e.cD.oUE.e.iX.h7.aUW1DK7.g" xsi:type="uml:Operation"/><publish:element name="LnFunction" publish:icon="137329536_icon.png" publish:qualifiedname="UMLModel::es::ucm::fdi::workspace::function::unarytypes::LnFunction::LnFunction" xmi:id="_91A.eIT.oUE.e.iX.h7.aUW1DK7.g" xsi:type="uml:Operation"/><publish:element name="toString" publish:icon="137329536_icon.png" publish:qualifiedname="UMLModel::es::ucm::fdi::workspace::function::unarytypes::LnFunction::toString" xmi:id="_91B.sQD.oUE.e.iX.h7.aUW1DK7.g" xsi:type="uml:Operation"/><publish:element name="evaluateExpr" publish:icon="137346864_icon.png" publish:qualifiedname="UMLModel::es::ucm::fdi::workspace::function::unarytypes::LnFunction::evaluateExpr" xmi:id="_91D.h.cD.oUE.e.iX.h7.aUW1DK7.g" xsi:type="uml:Operation"/><publish:element name="SineFunction" publish:icon="-26848688_icon.png" publish:qualifiedname="UMLModel::es::ucm::fdi::workspace::function::unarytypes::SineFunction" xmi:id="_9.wBQ.c.z.oUE.e.iX.h7.aUW1DK7.g" xsi:type="uml:Class"/><publish:element name="parse" publish:icon="137329536_icon.png" publish:qualifiedname="UMLModel::es::ucm::fdi::workspace::function::unarytypes::SineFunction::Parser::parse" xmi:id="_91-.u.gT.oUE.e.iX.h7.aUW1DK7.g" xsi:type="uml:Operation"/><publish:element name="SineFunction" publish:icon="137329536_icon.png" publish:qualifiedname="UMLModel::es::ucm::fdi::workspace::function::unarytypes::SineFunction::SineFunction" xmi:id="_91IZ8T.oUE.e.iX.h7.aUW1DK7.g" xsi:type="uml:Operation"/><publish:element name="toString" publish:icon="137329536_icon.png" publish:qualifiedname="UMLModel::es::ucm::fdi::workspace::function::unarytypes::SineFunction::toString" xmi:id="_91J.oED.oUE.e.iX.h7.aUW1DK7.g" xsi:type="uml:Operation"/><publish:element name="evaluateExpr" publish:icon="137346864_icon.png" publish:qualifiedname="UMLModel::es::ucm::fdi::workspace::function::unarytypes::SineFunction::evaluateExpr" xmi:id="_91L.dQD.oUE.e.iX.h7.aUW1DK7.g" xsi:type="uml:Operation"/><publish:element name="CosecantFunction" publish:icon="-26848688_icon.png" publish:qualifiedname="UMLModel::es::ucm::fdi::workspace::function::unarytypes::CosecantFunction" xmi:id="_9.wC.e.kT.oUE.e.iX.h7.aUW1DK7.g" xsi:type="uml:Class"/><publish:element name="parse" publish:icon="137329536_icon.png" publish:qualifiedname="UMLModel::es::ucm::fdi::workspace::function::unarytypes::CosecantFunction::Parser::parse" xmi:id="_91S.yAD.oUE.e.iX.h7.aUW1DK7.g" xsi:type="uml:Operation"/><publish:element name="CosecantFunction" publish:icon="137329536_icon.png" publish:qualifiedname="UMLModel::es::ucm::fdi::workspace::function::unarytypes::CosecantFunction::CosecantFunction" xmi:id="_91.z.vYT.oUE.e.iX.h7.aUW1DK7.g" xsi:type="uml:Operation"/><publish:element name="toString" publish:icon="137329536_icon.png" publish:qualifiedname="UMLModel::es::ucm::fdi::workspace::function::unarytypes::CosecantFunction::toString" xmi:id="_910W.c.j.oUE.e.iX.h7.aUW1DK7.g" xsi:type="uml:Operation"/><publish:element name="evaluateExpr" publish:icon="137346864_icon.png" publish:qualifiedname="UMLModel::es::ucm::fdi::workspace::function::unarytypes::CosecantFunction::evaluateExpr" xmi:id="_912L.oD.oUE.e.iX.h7.aUW1DK7.g" xsi:type="uml:Operation"/><publish:element name="TangentFunction" publish:icon="-26848688_icon.png" publish:qualifiedname="UMLModel::es::ucm::fdi::workspace::function::unarytypes::TangentFunction" xmi:id="_9.wG.wA.z.oUE.e.iX.h7.aUW1DK7.g" xsi:type="uml:Class"/><publish:element name="parse" publish:icon="137329536_icon.png" publish:qualifiedname="UMLModel::es::ucm::fdi::workspace::function::unarytypes::TangentFunction::Parser::parse" xmi:id="_917.rMT.oUE.e.iX.h7.aUW1DK7.g" xsi:type="uml:Operation"/><publish:element name="TangentFunction" publish:icon="137329536_icon.png" publish:qualifiedname="UMLModel::es::ucm::fdi::workspace::function::unarytypes::TangentFunction::TangentFunction" xmi:id="_92MJ4.j.oUE.e.iX.h7.aUW1DK7.g" xsi:type="uml:Operation"/><publish:element name="toString" publish:icon="137329536_icon.png" publish:qualifiedname="UMLModel::es::ucm::fdi::workspace::function::unarytypes::TangentFunction::toString" xmi:id="_92M.w8.j.oUE.e.iX.h7.aUW1DK7.g" xsi:type="uml:Operation"/><publish:element name="evaluateExpr" publish:icon="137346864_icon.png" publish:qualifiedname="UMLModel::es::ucm::fdi::workspace::function::unarytypes::TangentFunction::evaluateExpr" xmi:id="_92O.mID.oUE.e.iX.h7.aUW1DK7.g" xsi:type="uml:Operation"/><publish:element name="CosineFunction" publish:icon="-26848688_icon.png" publish:qualifiedname="UMLModel::es::ucm::fdi::workspace::function::unarytypes::CosineFunction" xmi:id="_9.wMP.kD.oUE.e.iX.h7.aUW1DK7.g" xsi:type="uml:Class"/><publish:element name="parse" publish:icon="137329536_icon.png" publish:qualifiedname="UMLModel::es::ucm::fdi::workspace::function::unarytypes::CosineFunction::Parser::parse" xmi:id="_925U.gT.oUE.e.iX.h7.aUW1DK7.g" xsi:type="uml:Operation"/><publish:element name="CosineFunction" publish:icon="137329536_icon.png" publish:qualifiedname="UMLModel::es::ucm::fdi::workspace::function::unarytypes::CosineFunction::CosineFunction" xmi:id="_92.q.rAT.oUE.e.iX.h7.aUW1DK7.g" xsi:type="uml:Operation"/><publish:element name="toString" publish:icon="137329536_icon.png" publish:qualifiedname="UMLModel::es::ucm::fdi::workspace::function::unarytypes::CosineFunction::toString" xmi:id="_92.r5IT.oUE.e.iX.h7.aUW1DK7.g" xsi:type="uml:Operation"/><publish:element name="evaluateExpr" publish:icon="137346864_icon.png" publish:qualifiedname="UMLModel::es::ucm::fdi::workspace::function::unarytypes::CosineFunction::evaluateExpr" xmi:id="_92.tHQD.oUE.e.iX.h7.aUW1DK7.g" xsi:type="uml:Operation"/></publish:elements>