<?xml version="1.0" encoding="UTF-8"?><publish:elements xmlns:publish="http://www.ibm.com/Rational/XTools/Publish" xmlns:xmi="http://www.omg.org/XMI" xmlns:xsi="http://www.w3.org/2001/XMLSchema-instance"><publish:element name="ShareManagerAS" publish:icon="-26848688_icon.png" publish:qualifiedname="UMLModel::es::ucm::fdi::connectivity::ShareManagerAS" xmi:id="_9.v0.cI.z.oUE.e.iX.h7.aUW1DK7.g" xsi:type="uml:Class"/><publish:element name="ShareManagerAS" publish:icon="137356512_icon.png" publish:qualifiedname="UMLModel::es::ucm::fdi::connectivity::ShareManagerAS::ShareManagerAS" xmi:id="_9.x.x.j8T.oUE.e.iX.h7.aUW1DK7.g" xsi:type="uml:Operation"/><publish:element name="getManager" publish:icon="137329536_icon.png" publish:qualifiedname="UMLModel::es::ucm::fdi::connectivity::ShareManagerAS::getManager" xmi:id="_9.x.yLA.j.oUE.e.iX.h7.aUW1DK7.g" xsi:type="uml:Operation"/><publish:element name="shareOpenProject" publish:icon="137329536_icon.png" publish:qualifiedname="UMLModel::es::ucm::fdi::connectivity::ShareManagerAS::shareOpenProject" xmi:id="_9.x.zZI.j.oUE.e.iX.h7.aUW1DK7.g" xsi:type="uml:Operation"/><publish:element name="sharePrivateProject" publish:icon="137329536_icon.png" publish:qualifiedname="UMLModel::es::ucm::fdi::connectivity::ShareManagerAS::sharePrivateProject" xmi:id="_9.x1OUT.oUE.e.iX.h7.aUW1DK7.g" xsi:type="uml:Operation"/><publish:element name="modifySharedProject" publish:icon="137329536_icon.png" publish:qualifiedname="UMLModel::es::ucm::fdi::connectivity::ShareManagerAS::modifySharedProject" xmi:id="_9.x3D.g.z.oUE.e.iX.h7.aUW1DK7.g" xsi:type="uml:Operation"/><publish:element name="importProject" publish:icon="137329536_icon.png" publish:qualifiedname="UMLModel::es::ucm::fdi::connectivity::ShareManagerAS::importProject" xmi:id="_9.x44.sD.oUE.e.iX.h7.aUW1DK7.g" xsi:type="uml:Operation"/><publish:element name="findProjectByAuthor" publish:icon="137329536_icon.png" publish:qualifiedname="UMLModel::es::ucm::fdi::connectivity::ShareManagerAS::findProjectByAuthor" xmi:id="_9.x6G0T.oUE.e.iX.h7.aUW1DK7.g" xsi:type="uml:Operation"/><publish:element name="findProjectByName" publish:icon="137329536_icon.png" publish:qualifiedname="UMLModel::es::ucm::fdi::connectivity::ShareManagerAS::findProjectByName" xmi:id="_9.x78AD.oUE.e.iX.h7.aUW1DK7.g" xsi:type="uml:Operation"/><publish:element name="createSharedProjectID" publish:icon="137356512_icon.png" publish:qualifiedname="UMLModel::es::ucm::fdi::connectivity::ShareManagerAS::createSharedProjectID" xmi:id="_9.x9KI.j.oUE.e.iX.h7.aUW1DK7.g" xsi:type="uml:Operation"/><publish:element name="store" publish:icon="137356512_icon.png" publish:qualifiedname="UMLModel::es::ucm::fdi::connectivity::ShareManagerAS::store" xmi:id="_9.x-YQ.z.oUE.e.iX.h7.aUW1DK7.g" xsi:type="uml:Operation"/><publish:element name="validateAuthorList" publish:icon="137356512_icon.png" publish:qualifiedname="UMLModel::es::ucm::fdi::connectivity::ShareManagerAS::validateAuthorList" xmi:id="_9.x_.mYT.oUE.e.iX.h7.aUW1DK7.g" xsi:type="uml:Operation"/><publish:element name="AuthorshipDAOHashTableImp" publish:icon="-26848688_icon.png" publish:qualifiedname="UMLModel::es::ucm::fdi::connectivity::AuthorshipDAOHashTableImp" xmi:id="_9.v1DMT.oUE.e.iX.h7.aUW1DK7.g" xsi:type="uml:Class"/><publish:element name="AuthorshipDAOHashTableImp" publish:icon="137329536_icon.png" publish:qualifiedname="UMLModel::es::ucm::fdi::connectivity::AuthorshipDAOHashTableImp::AuthorshipDAOHashTableImp" xmi:id="_9.yLM.kT.oUE.e.iX.h7.aUW1DK7.g" xsi:type="uml:Operation"/><publish:element name="addAuthorship" publish:icon="137329536_icon.png" publish:qualifiedname="UMLModel::es::ucm::fdi::connectivity::AuthorshipDAOHashTableImp::addAuthorship" xmi:id="_9.yL.z.oD.oUE.e.iX.h7.aUW1DK7.g" xsi:type="uml:Operation"/><publish:element name="removeAuthorship" publish:icon="137329536_icon.png" publish:qualifiedname="UMLModel::es::ucm::fdi::connectivity::AuthorshipDAOHashTableImp::removeAuthorship" xmi:id="_9.yN.o0D.oUE.e.iX.h7.aUW1DK7.g" xsi:type="uml:Operation"/><publish:element name="findByUser" publish:icon="137329536_icon.png" publish:qualifiedname="UMLModel::es::ucm::fdi::connectivity::AuthorshipDAOHashTableImp::findByUser" xmi:id="_9.yO28D.oUE.e.iX.h7.aUW1DK7.g" xsi:type="uml:Operation"/><publish:element name="findByProject" publish:icon="137329536_icon.png" publish:qualifiedname="UMLModel::es::ucm::fdi::connectivity::AuthorshipDAOHashTableImp::findByProject" xmi:id="_9.yQ.sID.oUE.e.iX.h7.aUW1DK7.g" xsi:type="uml:Operation"/><publish:element name="SharedProjectBOPrivateProjectImp" publish:icon="-26848688_icon.png" publish:qualifiedname="UMLModel::es::ucm::fdi::connectivity::SharedProjectBOPrivateProjectImp" xmi:id="_9.v1.qRD.oUE.e.iX.h7.aUW1DK7.g" xsi:type="uml:Class"/><publish:element name="SharedProjectBOPrivateProjectImp" publish:icon="137329536_icon.png" publish:qualifiedname="UMLModel::es::ucm::fdi::connectivity::SharedProjectBOPrivateProjectImp::SharedProjectBOPrivateProjectImp" xmi:id="_9.yZ2ET.oUE.e.iX.h7.aUW1DK7.g" xsi:type="uml:Operation"/><publish:element name="SharedProjectBOPrivateProjectImp" publish:icon="137329536_icon.png" publish:qualifiedname="UMLModel::es::ucm::fdi::connectivity::SharedProjectBOPrivateProjectImp::SharedProjectBOPrivateProjectImp" xmi:id="_9.y.b.rRD.oUE.e.iX.h7.aUW1DK7.g" xsi:type="uml:Operation"/><publish:element name="hasReadAccess" publish:icon="137329536_icon.png" publish:qualifiedname="UMLModel::es::ucm::fdi::connectivity::SharedProjectBOPrivateProjectImp::hasReadAccess" xmi:id="_9.y.c5Y.z.oUE.e.iX.h7.aUW1DK7.g" xsi:type="uml:Operation"/><publish:element name="hasWriteAccess" publish:icon="137329536_icon.png" publish:qualifiedname="UMLModel::es::ucm::fdi::connectivity::SharedProjectBOPrivateProjectImp::hasWriteAccess" xmi:id="_9.y.e.u.kD.oUE.e.iX.h7.aUW1DK7.g" xsi:type="uml:Operation"/><publish:element name="AuthorshipBO" publish:icon="-26848688_icon.png" publish:qualifiedname="UMLModel::es::ucm::fdi::connectivity::AuthorshipBO" xmi:id="_9.v6.i.w.z.oUE.e.iX.h7.aUW1DK7.g" xsi:type="uml:Class"/><publish:element name="AuthorshipBO" publish:icon="137329536_icon.png" publish:qualifiedname="UMLModel::es::ucm::fdi::connectivity::AuthorshipBO::AuthorshipBO" xmi:id="_9.z5.q4T.oUE.e.iX.h7.aUW1DK7.g" xsi:type="uml:Operation"/><publish:element name="AuthorshipDAO" publish:icon="-38144528_icon.png" publish:qualifiedname="UMLModel::es::ucm::fdi::connectivity::AuthorshipDAO" xmi:id="_9.v-NIT.oUE.e.iX.h7.aUW1DK7.g" xsi:type="uml:Interface"/><publish:element name="addAuthorship" publish:icon="137329536_icon.png" publish:qualifiedname="UMLModel::es::ucm::fdi::connectivity::AuthorshipDAO::addAuthorship" xmi:id="_90.lAUT.oUE.e.iX.h7.aUW1DK7.g" xsi:type="uml:Operation"/><publish:element name="removeAuthorship" publish:icon="137329536_icon.png" publish:qualifiedname="UMLModel::es::ucm::fdi::connectivity::AuthorshipDAO::removeAuthorship" xmi:id="_90.mO.cD.oUE.e.iX.h7.aUW1DK7.g" xsi:type="uml:Operation"/><publish:element name="findByUser" publish:icon="137329536_icon.png" publish:qualifiedname="UMLModel::es::ucm::fdi::connectivity::AuthorshipDAO::findByUser" xmi:id="_90.n.c.kD.oUE.e.iX.h7.aUW1DK7.g" xsi:type="uml:Operation"/><publish:element name="findByProject" publish:icon="137329536_icon.png" publish:qualifiedname="UMLModel::es::ucm::fdi::connectivity::AuthorshipDAO::findByProject" xmi:id="_90.o.q.sT.oUE.e.iX.h7.aUW1DK7.g" xsi:type="uml:Operation"/><publish:element name="SharedProjectBO" publish:icon="-26848688_icon.png" publish:qualifiedname="UMLModel::es::ucm::fdi::connectivity::SharedProjectBO" xmi:id="_9.v_.bQT.oUE.e.iX.h7.aUW1DK7.g" xsi:type="uml:Class"/><publish:element name="SharedProjectBO" publish:icon="137329536_icon.png" publish:qualifiedname="UMLModel::es::ucm::fdi::connectivity::SharedProjectBO::SharedProjectBO" xmi:id="_902GET.oUE.e.iX.h7.aUW1DK7.g" xsi:type="uml:Operation"/><publish:element name="SharedProjectBO" publish:icon="137329536_icon.png" publish:qualifiedname="UMLModel::es::ucm::fdi::connectivity::SharedProjectBO::SharedProjectBO" xmi:id="_9037QT.oUE.e.iX.h7.aUW1DK7.g" xsi:type="uml:Operation"/><publish:element name="hasReadAccess" publish:icon="137329536_icon.png" publish:qualifiedname="UMLModel::es::ucm::fdi::connectivity::SharedProjectBO::hasReadAccess" xmi:id="_905JYT.oUE.e.iX.h7.aUW1DK7.g" xsi:type="uml:Operation"/><publish:element name="hasWriteAccess" publish:icon="137329536_icon.png" publish:qualifiedname="UMLModel::es::ucm::fdi::connectivity::SharedProjectBO::hasWriteAccess" xmi:id="_906X.gD.oUE.e.iX.h7.aUW1DK7.g" xsi:type="uml:Operation"/><publish:element name="SharedProjectDAOHashTableImp" publish:icon="-26848688_icon.png" publish:qualifiedname="UMLModel::es::ucm::fdi::connectivity::SharedProjectDAOHashTableImp" xmi:id="_9.wD.s.sD.oUE.e.iX.h7.aUW1DK7.g" xsi:type="uml:Class"/><publish:element name="SharedProjectDAOHashTableImp" publish:icon="137329536_icon.png" publish:qualifiedname="UMLModel::es::ucm::fdi::connectivity::SharedProjectDAOHashTableImp::SharedProjectDAOHashTableImp" xmi:id="_91XD.cT.oUE.e.iX.h7.aUW1DK7.g" xsi:type="uml:Operation"/><publish:element name="addSharedProject" publish:icon="137329536_icon.png" publish:qualifiedname="UMLModel::es::ucm::fdi::connectivity::SharedProjectDAOHashTableImp::addSharedProject" xmi:id="_91X.q.gD.oUE.e.iX.h7.aUW1DK7.g" xsi:type="uml:Operation"/><publish:element name="removeSharedProject" publish:icon="137329536_icon.png" publish:qualifiedname="UMLModel::es::ucm::fdi::connectivity::SharedProjectDAOHashTableImp::removeSharedProject" xmi:id="_91.aG.wD.oUE.e.iX.h7.aUW1DK7.g" xsi:type="uml:Operation"/><publish:element name="modifySharedProject" publish:icon="137329536_icon.png" publish:qualifiedname="UMLModel::es::ucm::fdi::connectivity::SharedProjectDAOHashTableImp::modifySharedProject" xmi:id="_91.b78D.oUE.e.iX.h7.aUW1DK7.g" xsi:type="uml:Operation"/><publish:element name="findSharedProject" publish:icon="137329536_icon.png" publish:qualifiedname="UMLModel::es::ucm::fdi::connectivity::SharedProjectDAOHashTableImp::findSharedProject" xmi:id="_91.d.xID.oUE.e.iX.h7.aUW1DK7.g" xsi:type="uml:Operation"/><publish:element name="findByName" publish:icon="137329536_icon.png" publish:qualifiedname="UMLModel::es::ucm::fdi::connectivity::SharedProjectDAOHashTableImp::findByName" xmi:id="_91.gNYD.oUE.e.iX.h7.aUW1DK7.g" xsi:type="uml:Operation"/><publish:element name="SharedProjectBOOpenProjectImp" publish:icon="-26848688_icon.png" publish:qualifiedname="UMLModel::es::ucm::fdi::connectivity::SharedProjectBOOpenProjectImp" xmi:id="_9.wK.aY.j.oUE.e.iX.h7.aUW1DK7.g" xsi:type="uml:Class"/><publish:element name="SharedProjectBOOpenProjectImp" publish:icon="137329536_icon.png" publish:qualifiedname="UMLModel::es::ucm::fdi::connectivity::SharedProjectBOOpenProjectImp::SharedProjectBOOpenProjectImp" xmi:id="_92.aMUT.oUE.e.iX.h7.aUW1DK7.g" xsi:type="uml:Operation"/><publish:element name="SharedProjectBOOpenProjectImp" publish:icon="137329536_icon.png" publish:qualifiedname="UMLModel::es::ucm::fdi::connectivity::SharedProjectBOOpenProjectImp::SharedProjectBOOpenProjectImp" xmi:id="_92.cB.g.z.oUE.e.iX.h7.aUW1DK7.g" xsi:type="uml:Operation"/><publish:element name="hasReadAccess" publish:icon="137329536_icon.png" publish:qualifiedname="UMLModel::es::ucm::fdi::connectivity::SharedProjectBOOpenProjectImp::hasReadAccess" xmi:id="_92.dP.o.z.oUE.e.iX.h7.aUW1DK7.g" xsi:type="uml:Operation"/><publish:element name="hasWriteAccess" publish:icon="137329536_icon.png" publish:qualifiedname="UMLModel::es::ucm::fdi::connectivity::SharedProjectBOOpenProjectImp::hasWriteAccess" xmi:id="_92.fE0D.oUE.e.iX.h7.aUW1DK7.g" xsi:type="uml:Operation"/><publish:element name="SharedProjectDAO" publish:icon="-38144528_icon.png" publish:qualifiedname="UMLModel::es::ucm::fdi::connectivity::SharedProjectDAO" xmi:id="_9.wPS4.z.oUE.e.iX.h7.aUW1DK7.g" xsi:type="uml:Interface"/><publish:element name="addSharedProject" publish:icon="137329536_icon.png" publish:qualifiedname="UMLModel::es::ucm::fdi::connectivity::SharedProjectDAO::addSharedProject" xmi:id="_93G.v4D.oUE.e.iX.h7.aUW1DK7.g" xsi:type="uml:Operation"/><publish:element name="removeSharedProject" publish:icon="137329536_icon.png" publish:qualifiedname="UMLModel::es::ucm::fdi::connectivity::SharedProjectDAO::removeSharedProject" xmi:id="_93HW8T.oUE.e.iX.h7.aUW1DK7.g" xsi:type="uml:Operation"/><publish:element name="modifySharedProject" publish:icon="137329536_icon.png" publish:qualifiedname="UMLModel::es::ucm::fdi::connectivity::SharedProjectDAO::modifySharedProject" xmi:id="_93I.lET.oUE.e.iX.h7.aUW1DK7.g" xsi:type="uml:Operation"/><publish:element name="findSharedProject" publish:icon="137329536_icon.png" publish:qualifiedname="UMLModel::es::ucm::fdi::connectivity::SharedProjectDAO::findSharedProject" xmi:id="_93J.zMD.oUE.e.iX.h7.aUW1DK7.g" xsi:type="uml:Operation"/><publish:element name="findByName" publish:icon="137329536_icon.png" publish:qualifiedname="UMLModel::es::ucm::fdi::connectivity::SharedProjectDAO::findByName" xmi:id="_93K.aQT.oUE.e.iX.h7.aUW1DK7.g" xsi:type="uml:Operation"/><publish:element name="MemoryDB&lt;AuthorshipBO&gt;" publish:icon="-26848688_icon.png" publish:qualifiedname="UMLModel::es::ucm::fdi::connectivity::MemoryDB&lt;AuthorshipBO&gt;" xmi:id="_9.yI.wU.z.oUE.e.iX.h7.aUW1DK7.g" xsi:type="uml:Class"/><publish:element name="MemoryDB&lt;SharedProjectBO&gt;" publish:icon="-26848688_icon.png" publish:qualifiedname="UMLModel::es::ucm::fdi::connectivity::MemoryDB&lt;SharedProjectBO&gt;" xmi:id="_91VOQD.oUE.e.iX.h7.aUW1DK7.g" xsi:type="uml:Class"/></publish:elements>