<?xml version="1.0" encoding="UTF-8"?><packagedElement name="fdi" xmlns:publish="http://www.ibm.com/Rational/XTools/Publish" publish:diagramFormat="SVG" publish:icon="-57254448_icon.png" publish:modelname="UMLModel" publish:qualifiedname="UMLModel::es::ucm::fdi" publish:sortOrder="storage" publish:toplevelguid="_9.v.l.y.o.j.oUE.e.iX.h7.aUW1DK7.g" xmlns:xmi="http://www.omg.org/XMI" xmi:id="_9.v.l.y.o.j.oUE.e.iX.h7.aUW1DK7.g" xmi:version="2.0" xmlns:com.ibm.xtools.notation="http:///com/ibm/xtools/notation.ecore" xmlns:uml="http://www.eclipse.org/uml2/1.0.0/UML" xmlns:xsi="http://www.w3.org/2001/XMLSchema-instance" xsi:type="uml:Package"><publish:properties><publish:property canonicalName="Alias" name="Alias" publish:category="UML"/><publish:property canonicalName="Stereotype" name="Estereotipo" publish:category="UML"/><publish:property canonicalName="name" name="Name" publish:category="UML" publish:value="fdi"/><publish:property canonicalName="nameExpression" name="Name Expression" publish:category="UML"/><publish:property canonicalName="namespace" name="Namespace" publish:category="UML" publish:ismodellink="false" publish:value="ucm" xmi:id="_9.v.l.y.oT.oUE.e.iX.h7.aUW1DK7.g"/><publish:property canonicalName="nestingPackage" name="Nesting Package" publish:category="UML" publish:ismodellink="false" publish:value="ucm" xmi:id="_9.v.l.y.oT.oUE.e.iX.h7.aUW1DK7.g"/><publish:property canonicalName="ownedTemplateSignature" name="Owned Template Signature" publish:category="UML"/><publish:property canonicalName="owner" name="Owner" publish:category="UML" publish:ismodellink="false" publish:value="ucm" xmi:id="_9.v.l.y.oT.oUE.e.iX.h7.aUW1DK7.g"/><publish:property canonicalName="owningTemplateParameter" name="Owning Template Parameter" publish:category="UML"/><publish:property canonicalName="Keywords" name="Palabras clave" publish:category="UML"/><publish:property canonicalName="qualifiedName" name="Qualified Name" publish:category="UML" publish:value="UMLModel::es::ucm::fdi"/><publish:property canonicalName="templateParameter" name="Template Parameter" publish:category="UML"/><publish:property canonicalName="visibility" name="Visibility" publish:category="UML" publish:value="Public"/></publish:properties><packagedElement name="EjemploApp" publish:icon="-26848688_icon.png" publish:qualifiedname="UMLModel::es::ucm::fdi::EjemploApp" xmi:id="_9.wJMQ.j.oUE.e.iX.h7.aUW1DK7.g" xsi:type="uml:Class"><publish:properties><publish:property canonicalName="Alias" name="Alias" publish:category="UML"/><publish:property canonicalName="classifierBehavior" name="Classifier Behavior" publish:category="UML"/><publish:property canonicalName="Stereotype" name="Estereotipo" publish:category="UML"/><publish:property canonicalName="isAbstract" name="Is Abstract" publish:category="UML" publish:value="false"/><publish:property canonicalName="isActive" name="Is Active" publish:category="UML" publish:value="false"/><publish:property canonicalName="isLeaf" name="Is Leaf" publish:category="UML" publish:value="false"/><publish:property canonicalName="name" name="Name" publish:category="UML" publish:value="EjemploApp"/><publish:property canonicalName="nameExpression" name="Name Expression" publish:category="UML"/><publish:property canonicalName="namespace" name="Namespace" publish:category="UML" publish:ismodellink="false" publish:value="fdi" xmi:id="_9.v.l.y.o.j.oUE.e.iX.h7.aUW1DK7.g"/><publish:property canonicalName="ownedTemplateSignature" name="Owned Template Signature" publish:category="UML"/><publish:property canonicalName="owner" name="Owner" publish:category="UML" publish:ismodellink="false" publish:value="fdi" xmi:id="_9.v.l.y.o.j.oUE.e.iX.h7.aUW1DK7.g"/><publish:property canonicalName="owningTemplateParameter" name="Owning Template Parameter" publish:category="UML"/><publish:property canonicalName="package" name="Package" publish:category="UML" publish:ismodellink="false" publish:value="fdi" xmi:id="_9.v.l.y.o.j.oUE.e.iX.h7.aUW1DK7.g"/><publish:property canonicalName="Keywords" name="Palabras clave" publish:category="UML"/><publish:property canonicalName="qualifiedName" name="Qualified Name" publish:category="UML" publish:value="UMLModel::es::ucm::fdi::EjemploApp"/><publish:property canonicalName="representation" name="Representation" publish:category="UML"/><publish:property canonicalName="templateParameter" name="Template Parameter" publish:category="UML"/><publish:property canonicalName="visibility" name="Visibility" publish:category="UML" publish:value="Public"/></publish:properties><ownedComment annotatedElement="_9.wJMQ.j.oUE.e.iX.h7.aUW1DK7.g" body="Ejemplo&amp;nbsp;de&amp;nbsp;desarrollo&amp;nbsp;para&amp;nbsp;Ingeniería&amp;nbsp;del&amp;nbsp;Software&lt;br&gt;@author&amp;nbsp;escalope" isDocumentation="true" isURL="false" name="&lt;Comment sin nombre&gt;" publish:icon="137355488_icon.png" publish:qualifiedname="UMLModel::es::ucm::fdi::EjemploApp::&lt;Comment&gt;" xmi:id="_9.wJ.zUD.oUE.e.iX.h7.aUW1DK7.g" xsi:type="uml:Comment"><publish:properties><publish:property canonicalName="body" name="Body" publish:category="UML" publish:value="Ejemplo&amp;nbsp;de&amp;nbsp;desarrollo&amp;nbsp;para&amp;nbsp;Ingeniería&amp;nbsp;del&amp;nbsp;Software&lt;br&gt;@author&amp;nbsp;escalope"/><publish:property canonicalName="Stereotype" name="Estereotipo" publish:category="UML" publish:value="documentación"/><publish:property canonicalName="owner" name="Owner" publish:category="UML" publish:ismodellink="false" publish:value="EjemploApp" xmi:id="_9.wJMQ.j.oUE.e.iX.h7.aUW1DK7.g"/><publish:property canonicalName="Keywords" name="Palabras clave" publish:category="UML"/></publish:properties></ownedComment><ownedOperation name="main" publish:icon="137329536_icon.png" publish:qualifiedname="UMLModel::es::ucm::fdi::EjemploApp::main" xmi:id="_92T.e.o.j.oUE.e.iX.h7.aUW1DK7.g" xsi:type="uml:Operation"><publish:properties><publish:property canonicalName="Alias" name="Alias" publish:category="UML"/><publish:property canonicalName="bodyCondition" name="Body Condition" publish:category="UML"/><publish:property canonicalName="class" name="Class" publish:category="UML" publish:ismodellink="false" publish:value="EjemploApp" xmi:id="_9.wJMQ.j.oUE.e.iX.h7.aUW1DK7.g"/><publish:property canonicalName="concurrency" name="Concurrency" publish:category="UML" publish:value="Sequential"/><publish:property canonicalName="datatype" name="Datatype" publish:category="UML"/><publish:property canonicalName="Stereotype" name="Estereotipo" publish:category="UML"/><publish:property canonicalName="interface" name="Interface" publish:category="UML"/><publish:property canonicalName="isAbstract" name="Is Abstract" publish:category="UML" publish:value="false"/><publish:property canonicalName="isLeaf" name="Is Leaf" publish:category="UML" publish:value="false"/><publish:property canonicalName="isOrdered" name="Is Ordered" publish:category="UML" publish:value="false"/><publish:property canonicalName="isQuery" name="Is Query" publish:category="UML" publish:value="false"/><publish:property canonicalName="isStatic" name="Is Static" publish:category="UML" publish:value="true"/><publish:property canonicalName="isUnique" name="Is Unique" publish:category="UML" publish:value="true"/><publish:property canonicalName="lower" name="Lower" publish:category="UML" publish:value="1"/><publish:property canonicalName="name" name="Name" publish:category="UML" publish:value="main"/><publish:property canonicalName="nameExpression" name="Name Expression" publish:category="UML"/><publish:property canonicalName="namespace" name="Namespace" publish:category="UML" publish:ismodellink="false" publish:value="EjemploApp" xmi:id="_9.wJMQ.j.oUE.e.iX.h7.aUW1DK7.g"/><publish:property canonicalName="ownedTemplateSignature" name="Owned Template Signature" publish:category="UML"/><publish:property canonicalName="owner" name="Owner" publish:category="UML" publish:ismodellink="false" publish:value="EjemploApp" xmi:id="_9.wJMQ.j.oUE.e.iX.h7.aUW1DK7.g"/><publish:property canonicalName="owningTemplateParameter" name="Owning Template Parameter" publish:category="UML"/><publish:property canonicalName="Keywords" name="Palabras clave" publish:category="UML"/><publish:property canonicalName="qualifiedName" name="Qualified Name" publish:category="UML" publish:value="UMLModel::es::ucm::fdi::EjemploApp::main"/><publish:property canonicalName="templateParameter" name="Template Parameter" publish:category="UML"/><publish:property canonicalName="type" name="Type" publish:category="UML"/><publish:property canonicalName="upper" name="Upper" publish:category="UML" publish:value="1"/><publish:property canonicalName="visibility" name="Visibility" publish:category="UML" publish:value="Public"/></publish:properties><ownedParameter direction="in" name="args" publish:icon="139263120_icon.png" publish:qualifiedname="UMLModel::es::ucm::fdi::EjemploApp::main::args" xmi:id="_92UF.sD.oUE.e.iX.h7.aUW1DK7.g" xsi:type="uml:Parameter"><publish:properties><publish:property canonicalName="Alias" name="Alias" publish:category="UML"/><publish:property canonicalName="default" name="Default" publish:category="UML"/><publish:property canonicalName="defaultValue" name="Default Value" publish:category="UML"/><publish:property canonicalName="dimensiones" name="dimensiones" publish:category="matrizJava" publish:value="1"/><publish:property canonicalName="direction" name="Direction" publish:category="UML" publish:value="In"/><publish:property canonicalName="effect" name="Effect" publish:category="UML" publish:value="Create"/><publish:property canonicalName="Stereotype" name="Estereotipo" publish:category="UML" publish:value="matrizJava"/><publish:property canonicalName="isException" name="Is Exception" publish:category="UML" publish:value="false"/><publish:property canonicalName="isOrdered" name="Is Ordered" publish:category="UML" publish:value="false"/><publish:property canonicalName="isStream" name="Is Stream" publish:category="UML" publish:value="false"/><publish:property canonicalName="isUnique" name="Is Unique" publish:category="UML" publish:value="true"/><publish:property canonicalName="lower" name="Lower" publish:category="UML" publish:value="0"/><publish:property canonicalName="lowerValue" name="Lower Value" publish:category="UML" publish:nohref="true" publish:value="(0)"/><publish:property canonicalName="Multiplicity" name="Multiplicidad" publish:category="UML" publish:value="*"/><publish:property canonicalName="name" name="Name" publish:category="UML" publish:value="args"/><publish:property canonicalName="nameExpression" name="Name Expression" publish:category="UML"/><publish:property anchor="#_92T.e.o.j.oUE.e.iX.h7.aUW1DK7.g" canonicalName="namespace" name="Namespace" publish:category="UML" publish:ismodellink="false" publish:value="main ( )" xmi:id="_9.wJMQ.j.oUE.e.iX.h7.aUW1DK7.g"/><publish:property anchor="#_92T.e.o.j.oUE.e.iX.h7.aUW1DK7.g" canonicalName="operation" name="Operation" publish:category="UML" publish:ismodellink="false" publish:value="main ( )" xmi:id="_9.wJMQ.j.oUE.e.iX.h7.aUW1DK7.g"/><publish:property anchor="#_92T.e.o.j.oUE.e.iX.h7.aUW1DK7.g" canonicalName="owner" name="Owner" publish:category="UML" publish:ismodellink="false" publish:value="main ( )" xmi:id="_9.wJMQ.j.oUE.e.iX.h7.aUW1DK7.g"/><publish:property canonicalName="owningTemplateParameter" name="Owning Template Parameter" publish:category="UML"/><publish:property canonicalName="Keywords" name="Palabras clave" publish:category="UML"/><publish:property canonicalName="qualifiedName" name="Qualified Name" publish:category="UML" publish:value="UMLModel::es::ucm::fdi::EjemploApp::main::args"/><publish:property canonicalName="templateParameter" name="Template Parameter" publish:category="UML"/><publish:property canonicalName="type" name="Type" publish:category="UML" publish:value="String"/><publish:property canonicalName="upper" name="Upper" publish:category="UML" publish:value="*"/><publish:property canonicalName="upperValue" name="Upper Value" publish:category="UML" publish:nohref="true" publish:value="(*)"/><publish:property canonicalName="visibility" name="Visibility" publish:category="UML" publish:value="Public"/></publish:properties><upperValue name="&lt;LiteralUnlimitedNatural sin nombre&gt;" publish:icon="139277904_icon.png" publish:qualifiedname="UMLModel::es::ucm::fdi::EjemploApp::main::args::&lt;LiteralUnlimitedNatural&gt;" xmi:id="_92UF.sT.oUE.e.iX.h7.aUW1DK7.g" xsi:type="uml:LiteralUnlimitedNatural"><publish:properties><publish:property canonicalName="Alias" name="Alias" publish:category="UML"/><publish:property canonicalName="Stereotype" name="Estereotipo" publish:category="UML"/><publish:property canonicalName="name" name="Name" publish:category="UML"/><publish:property canonicalName="nameExpression" name="Name Expression" publish:category="UML"/><publish:property canonicalName="namespace" name="Namespace" publish:category="UML"/><publish:property canonicalName="owner" name="Owner" publish:category="UML" publish:ismodellink="false" publish:value="«matrizJava» args" xmi:id="_92UF.sD.oUE.e.iX.h7.aUW1DK7.g"/><publish:property canonicalName="owningTemplateParameter" name="Owning Template Parameter" publish:category="UML"/><publish:property canonicalName="Keywords" name="Palabras clave" publish:category="UML"/><publish:property canonicalName="qualifiedName" name="Qualified Name" publish:category="UML"/><publish:property canonicalName="templateParameter" name="Template Parameter" publish:category="UML"/><publish:property canonicalName="type" name="Type" publish:category="UML"/><publish:property canonicalName="value" name="Value" publish:category="UML" publish:value="*"/><publish:property canonicalName="visibility" name="Visibility" publish:category="UML" publish:value="Public"/></publish:properties></upperValue><lowerValue name="&lt;LiteralInteger sin nombre&gt;" publish:icon="139279728_icon.png" publish:qualifiedname="UMLModel::es::ucm::fdi::EjemploApp::main::args::&lt;LiteralInteger&gt;" xmi:id="_92U.s.wD.oUE.e.iX.h7.aUW1DK7.g" xsi:type="uml:LiteralInteger"><publish:properties><publish:property canonicalName="Alias" name="Alias" publish:category="UML"/><publish:property canonicalName="Stereotype" name="Estereotipo" publish:category="UML"/><publish:property canonicalName="name" name="Name" publish:category="UML"/><publish:property canonicalName="nameExpression" name="Name Expression" publish:category="UML"/><publish:property canonicalName="namespace" name="Namespace" publish:category="UML"/><publish:property canonicalName="owner" name="Owner" publish:category="UML" publish:ismodellink="false" publish:value="«matrizJava» args" xmi:id="_92UF.sD.oUE.e.iX.h7.aUW1DK7.g"/><publish:property canonicalName="owningTemplateParameter" name="Owning Template Parameter" publish:category="UML"/><publish:property canonicalName="Keywords" name="Palabras clave" publish:category="UML"/><publish:property canonicalName="qualifiedName" name="Qualified Name" publish:category="UML"/><publish:property canonicalName="templateParameter" name="Template Parameter" publish:category="UML"/><publish:property canonicalName="type" name="Type" publish:category="UML"/><publish:property canonicalName="value" name="Value" publish:category="UML" publish:value="0"/><publish:property canonicalName="visibility" name="Visibility" publish:category="UML" publish:value="Public"/></publish:properties></lowerValue></ownedParameter></ownedOperation></packagedElement></packagedElement>