<?xml version="1.0" encoding="UTF-8"?><packagedElement name="es" xmlns:publish="http://www.ibm.com/Rational/XTools/Publish" publish:diagramFormat="SVG" publish:icon="-57254448_icon.png" publish:modelname="UMLModel" publish:qualifiedname="UMLModel::es" publish:sortOrder="storage" publish:toplevelguid="_9.v.l.y.oD.oUE.e.iX.h7.aUW1DK7.g" xmlns:xmi="http://www.omg.org/XMI" xmi:id="_9.v.l.y.oD.oUE.e.iX.h7.aUW1DK7.g" xmi:version="2.0" xmlns:com.ibm.xtools.notation="http:///com/ibm/xtools/notation.ecore" xmlns:uml="http://www.eclipse.org/uml2/1.0.0/UML" xmlns:xsi="http://www.w3.org/2001/XMLSchema-instance" xsi:type="uml:Package"><publish:properties><publish:property canonicalName="Alias" name="Alias" publish:category="UML"/><publish:property canonicalName="Stereotype" name="Estereotipo" publish:category="UML"/><publish:property canonicalName="name" name="Name" publish:category="UML" publish:value="es"/><publish:property canonicalName="nameExpression" name="Name Expression" publish:category="UML"/><publish:property canonicalName="namespace" name="Namespace" publish:category="UML" publish:ismodellink="true" publish:value="UMLModel" xmi:id="_VF.l.aMD.l8E.e.i7.y9.jAWNC.kB.g"/><publish:property canonicalName="nestingPackage" name="Nesting Package" publish:category="UML" publish:ismodellink="true" publish:value="UMLModel" xmi:id="_VF.l.aMD.l8E.e.i7.y9.jAWNC.kB.g"/><publish:property canonicalName="ownedTemplateSignature" name="Owned Template Signature" publish:category="UML"/><publish:property canonicalName="owner" name="Owner" publish:category="UML" publish:ismodellink="true" publish:value="UMLModel" xmi:id="_VF.l.aMD.l8E.e.i7.y9.jAWNC.kB.g"/><publish:property canonicalName="owningTemplateParameter" name="Owning Template Parameter" publish:category="UML"/><publish:property canonicalName="Keywords" name="Palabras clave" publish:category="UML"/><publish:property canonicalName="qualifiedName" name="Qualified Name" publish:category="UML" publish:value="UMLModel::es"/><publish:property canonicalName="templateParameter" name="Template Parameter" publish:category="UML"/><publish:property canonicalName="visibility" name="Visibility" publish:category="UML" publish:value="Public"/></publish:properties></packagedElement>