<?xml version="1.0" encoding="UTF-8"?><publish:elements xmlns:publish="http://www.ibm.com/Rational/XTools/Publish" xmlns:xmi="http://www.omg.org/XMI" xmlns:xsi="http://www.w3.org/2001/XMLSchema-instance"><publish:element name="UserTO" publish:icon="-26848688_icon.png" publish:qualifiedname="UMLModel::es::ucm::fdi::users::UserTO" xmi:id="_9.v.t.u.c.z.oUE.e.iX.h7.aUW1DK7.g" xsi:type="uml:Class"/><publish:element name="UserTO" publish:icon="137329536_icon.png" publish:qualifiedname="UMLModel::es::ucm::fdi::users::UserTO::UserTO" xmi:id="_9.xS.b.w.j.oUE.e.iX.h7.aUW1DK7.g" xsi:type="uml:Operation"/><publish:element name="FriendshipBO" publish:icon="-26848688_icon.png" publish:qualifiedname="UMLModel::es::ucm::fdi::users::FriendshipBO" xmi:id="_9.v.xY0D.oUE.e.iX.h7.aUW1DK7.g" xsi:type="uml:Class"/><publish:element name="FriendshipBO" publish:icon="137329536_icon.png" publish:qualifiedname="UMLModel::es::ucm::fdi::users::FriendshipBO::FriendshipBO" xmi:id="_9.x.eB8T.oUE.e.iX.h7.aUW1DK7.g" xsi:type="uml:Operation"/><publish:element name="UserManagerAS" publish:icon="-26848688_icon.png" publish:qualifiedname="UMLModel::es::ucm::fdi::users::UserManagerAS" xmi:id="_9.v4G.gT.oUE.e.iX.h7.aUW1DK7.g" xsi:type="uml:Class"/><publish:element name="UserManagerAS" publish:icon="137356512_icon.png" publish:qualifiedname="UMLModel::es::ucm::fdi::users::UserManagerAS::UserManagerAS" xmi:id="_9.zGZ.oD.oUE.e.iX.h7.aUW1DK7.g" xsi:type="uml:Operation"/><publish:element name="getManager" publish:icon="137329536_icon.png" publish:qualifiedname="UMLModel::es::ucm::fdi::users::UserManagerAS::getManager" xmi:id="_9.zHA.sT.oUE.e.iX.h7.aUW1DK7.g" xsi:type="uml:Operation"/><publish:element name="newUser" publish:icon="137329536_icon.png" publish:qualifiedname="UMLModel::es::ucm::fdi::users::UserManagerAS::newUser" xmi:id="_9.zIO0D.oUE.e.iX.h7.aUW1DK7.g" xsi:type="uml:Operation"/><publish:element name="removeUser" publish:icon="137329536_icon.png" publish:qualifiedname="UMLModel::es::ucm::fdi::users::UserManagerAS::removeUser" xmi:id="_9.zI14T.oUE.e.iX.h7.aUW1DK7.g" xsi:type="uml:Operation"/><publish:element name="modifyUser" publish:icon="137329536_icon.png" publish:qualifiedname="UMLModel::es::ucm::fdi::users::UserManagerAS::modifyUser" xmi:id="_9.zKEAT.oUE.e.iX.h7.aUW1DK7.g" xsi:type="uml:Operation"/><publish:element name="login" publish:icon="137329536_icon.png" publish:qualifiedname="UMLModel::es::ucm::fdi::users::UserManagerAS::login" xmi:id="_9.zLSI.j.oUE.e.iX.h7.aUW1DK7.g" xsi:type="uml:Operation"/><publish:element name="validateSession" publish:icon="137329536_icon.png" publish:qualifiedname="UMLModel::es::ucm::fdi::users::UserManagerAS::validateSession" xmi:id="_9.zNHUD.oUE.e.iX.h7.aUW1DK7.g" xsi:type="uml:Operation"/><publish:element name="authenticate" publish:icon="137329536_icon.png" publish:qualifiedname="UMLModel::es::ucm::fdi::users::UserManagerAS::authenticate" xmi:id="_9.zN.uYT.oUE.e.iX.h7.aUW1DK7.g" xsi:type="uml:Operation"/><publish:element name="logout" publish:icon="137329536_icon.png" publish:qualifiedname="UMLModel::es::ucm::fdi::users::UserManagerAS::logout" xmi:id="_9.zO8.g.j.oUE.e.iX.h7.aUW1DK7.g" xsi:type="uml:Operation"/><publish:element name="existsUser" publish:icon="137329536_icon.png" publish:qualifiedname="UMLModel::es::ucm::fdi::users::UserManagerAS::existsUser" xmi:id="_9.zP.j.k.j.oUE.e.iX.h7.aUW1DK7.g" xsi:type="uml:Operation"/><publish:element name="createNewSession" publish:icon="137356512_icon.png" publish:qualifiedname="UMLModel::es::ucm::fdi::users::UserManagerAS::createNewSession" xmi:id="_9.zQ.x.sT.oUE.e.iX.h7.aUW1DK7.g" xsi:type="uml:Operation"/><publish:element name="validEmail" publish:icon="137329536_icon.png" publish:qualifiedname="UMLModel::es::ucm::fdi::users::UserManagerAS::validEmail" xmi:id="_9.zR_0D.oUE.e.iX.h7.aUW1DK7.g" xsi:type="uml:Operation"/><publish:element name="validString" publish:icon="137356512_icon.png" publish:qualifiedname="UMLModel::es::ucm::fdi::users::UserManagerAS::validString" xmi:id="_9.zTN8T.oUE.e.iX.h7.aUW1DK7.g" xsi:type="uml:Operation"/><publish:element name="validInt" publish:icon="137356512_icon.png" publish:qualifiedname="UMLModel::es::ucm::fdi::users::UserManagerAS::validInt" xmi:id="_9.zT1A.j.oUE.e.iX.h7.aUW1DK7.g" xsi:type="uml:Operation"/><publish:element name="validUrl" publish:icon="137356512_icon.png" publish:qualifiedname="UMLModel::es::ucm::fdi::users::UserManagerAS::validUrl" xmi:id="_9.zV.qMD.oUE.e.iX.h7.aUW1DK7.g" xsi:type="uml:Operation"/><publish:element name="validateAccountDetails" publish:icon="137356512_icon.png" publish:qualifiedname="UMLModel::es::ucm::fdi::users::UserManagerAS::validateAccountDetails" xmi:id="_9.zW4UD.oUE.e.iX.h7.aUW1DK7.g" xsi:type="uml:Operation"/><publish:element name="UserDAOHashTableImp" publish:icon="-26848688_icon.png" publish:qualifiedname="UMLModel::es::ucm::fdi::users::UserDAOHashTableImp" xmi:id="_9.v57.sD.oUE.e.iX.h7.aUW1DK7.g" xsi:type="uml:Class"/><publish:element name="UserDAOHashTableImp" publish:icon="137329536_icon.png" publish:qualifiedname="UMLModel::es::ucm::fdi::users::UserDAOHashTableImp::UserDAOHashTableImp" xmi:id="_9.z.q.aUD.oUE.e.iX.h7.aUW1DK7.g" xsi:type="uml:Operation"/><publish:element name="addUser" publish:icon="137329536_icon.png" publish:qualifiedname="UMLModel::es::ucm::fdi::users::UserDAOHashTableImp::addUser" xmi:id="_9.z.rBYD.oUE.e.iX.h7.aUW1DK7.g" xsi:type="uml:Operation"/><publish:element name="removeUser" publish:icon="137329536_icon.png" publish:qualifiedname="UMLModel::es::ucm::fdi::users::UserDAOHashTableImp::removeUser" xmi:id="_9.z.sP.gD.oUE.e.iX.h7.aUW1DK7.g" xsi:type="uml:Operation"/><publish:element name="modifyUser" publish:icon="137329536_icon.png" publish:qualifiedname="UMLModel::es::ucm::fdi::users::UserDAOHashTableImp::modifyUser" xmi:id="_9.z.t.d.oD.oUE.e.iX.h7.aUW1DK7.g" xsi:type="uml:Operation"/><publish:element name="findUser" publish:icon="137329536_icon.png" publish:qualifiedname="UMLModel::es::ucm::fdi::users::UserDAOHashTableImp::findUser" xmi:id="_9.z.u.r.wD.oUE.e.iX.h7.aUW1DK7.g" xsi:type="uml:Operation"/><publish:element name="UserDAO" publish:icon="-38144528_icon.png" publish:qualifiedname="UMLModel::es::ucm::fdi::users::UserDAO" xmi:id="_9.v7.w4D.oUE.e.iX.h7.aUW1DK7.g" xsi:type="uml:Interface"/><publish:element name="addUser" publish:icon="137329536_icon.png" publish:qualifiedname="UMLModel::es::ucm::fdi::users::UserDAO::addUser" xmi:id="_90AY.k.j.oUE.e.iX.h7.aUW1DK7.g" xsi:type="uml:Operation"/><publish:element name="removeUser" publish:icon="137329536_icon.png" publish:qualifiedname="UMLModel::es::ucm::fdi::users::UserDAO::removeUser" xmi:id="_90B.m.sT.oUE.e.iX.h7.aUW1DK7.g" xsi:type="uml:Operation"/><publish:element name="modifyUser" publish:icon="137329536_icon.png" publish:qualifiedname="UMLModel::es::ucm::fdi::users::UserDAO::modifyUser" xmi:id="_90C00D.oUE.e.iX.h7.aUW1DK7.g" xsi:type="uml:Operation"/><publish:element name="findUser" publish:icon="137329536_icon.png" publish:qualifiedname="UMLModel::es::ucm::fdi::users::UserDAO::findUser" xmi:id="_90D.b4T.oUE.e.iX.h7.aUW1DK7.g" xsi:type="uml:Operation"/><publish:element name="SessionBO" publish:icon="-26848688_icon.png" publish:qualifiedname="UMLModel::es::ucm::fdi::users::SessionBO" xmi:id="_9.wLB.c.z.oUE.e.iX.h7.aUW1DK7.g" xsi:type="uml:Class"/><publish:element name="SessionBO" publish:icon="137329536_icon.png" publish:qualifiedname="UMLModel::es::ucm::fdi::users::SessionBO::SessionBO" xmi:id="_92.p.c4D.oUE.e.iX.h7.aUW1DK7.g" xsi:type="uml:Operation"/><publish:element name="MemoryDB&lt;UserTO&gt;" publish:icon="-26848688_icon.png" publish:qualifiedname="UMLModel::es::ucm::fdi::users::MemoryDB&lt;UserTO&gt;" xmi:id="_9.z.n-ED.oUE.e.iX.h7.aUW1DK7.g" xsi:type="uml:Class"/></publish:elements>