<?xml version="1.0" encoding="UTF-8"?><publish:elements xmlns:publish="http://www.ibm.com/Rational/XTools/Publish" xmlns:xmi="http://www.omg.org/XMI" xmlns:xsi="http://www.w3.org/2001/XMLSchema-instance"><publish:element name="MemoryDB" publish:icon="-26848688_icon.png" publish:qualifiedname="UMLModel::es::ucm::fdi::datos::MemoryDB" xmi:id="_9.wM2.oT.oUE.e.iX.h7.aUW1DK7.g" xsi:type="uml:Class"/><publish:element publish:icon="137316816_icon.png" publish:qualifiedname="UMLModel::es::ucm::fdi::datos::MemoryDB::&lt;RedefinableTemplateSignature&gt;" xmi:id="_9.wN.d.sT.oUE.e.iX.h7.aUW1DK7.g" xsi:type="uml:RedefinableTemplateSignature"/><publish:element name="T" publish:icon="-26848688_icon.png" publish:qualifiedname="UMLModel::es::ucm::fdi::datos::MemoryDB::&lt;RedefinableTemplateSignature&gt;::&lt;ClassifierTemplateParameter&gt;::T" xmi:id="_9.wN.d.s.z.oUE.e.iX.h7.aUW1DK7.g" xsi:type="uml:Class"/><publish:element name="insert" publish:icon="137329536_icon.png" publish:qualifiedname="UMLModel::es::ucm::fdi::datos::MemoryDB::insert" xmi:id="_92.xY.s.z.oUE.e.iX.h7.aUW1DK7.g" xsi:type="uml:Operation"/><publish:element name="find" publish:icon="137329536_icon.png" publish:qualifiedname="UMLModel::es::ucm::fdi::datos::MemoryDB::find" xmi:id="_92.y.m0.j.oUE.e.iX.h7.aUW1DK7.g" xsi:type="uml:Operation"/><publish:element name="removeId" publish:icon="137329536_icon.png" publish:qualifiedname="UMLModel::es::ucm::fdi::datos::MemoryDB::removeId" xmi:id="_92.z08T.oUE.e.iX.h7.aUW1DK7.g" xsi:type="uml:Operation"/><publish:element name="print" publish:icon="137329536_icon.png" publish:qualifiedname="UMLModel::es::ucm::fdi::datos::MemoryDB::print" xmi:id="_921DET.oUE.e.iX.h7.aUW1DK7.g" xsi:type="uml:Operation"/><publish:element name="toString" publish:icon="137329536_icon.png" publish:qualifiedname="UMLModel::es::ucm::fdi::datos::MemoryDB::toString" xmi:id="_922RMT.oUE.e.iX.h7.aUW1DK7.g" xsi:type="uml:Operation"/></publish:elements>