<?xml version="1.0" encoding="UTF-8"?><packagedElement name="datos" xmlns:publish="http://www.ibm.com/Rational/XTools/Publish" publish:diagramFormat="SVG" publish:icon="-57254448_icon.png" publish:modelname="UMLModel" publish:qualifiedname="UMLModel::es::ucm::fdi::datos" publish:sortOrder="storage" publish:toplevelguid="_9.wM2.oD.oUE.e.iX.h7.aUW1DK7.g" xmlns:xmi="http://www.omg.org/XMI" xmi:id="_9.wM2.oD.oUE.e.iX.h7.aUW1DK7.g" xmi:version="2.0" xmlns:com.ibm.xtools.notation="http:///com/ibm/xtools/notation.ecore" xmlns:uml="http://www.eclipse.org/uml2/1.0.0/UML" xmlns:xsi="http://www.w3.org/2001/XMLSchema-instance" xsi:type="uml:Package"><publish:properties><publish:property canonicalName="Alias" name="Alias" publish:category="UML"/><publish:property canonicalName="Stereotype" name="Estereotipo" publish:category="UML"/><publish:property canonicalName="name" name="Name" publish:category="UML" publish:value="datos"/><publish:property canonicalName="nameExpression" name="Name Expression" publish:category="UML"/><publish:property canonicalName="namespace" name="Namespace" publish:category="UML" publish:ismodellink="false" publish:value="fdi" xmi:id="_9.v.l.y.o.j.oUE.e.iX.h7.aUW1DK7.g"/><publish:property canonicalName="nestingPackage" name="Nesting Package" publish:category="UML" publish:ismodellink="false" publish:value="fdi" xmi:id="_9.v.l.y.o.j.oUE.e.iX.h7.aUW1DK7.g"/><publish:property canonicalName="ownedTemplateSignature" name="Owned Template Signature" publish:category="UML"/><publish:property canonicalName="owner" name="Owner" publish:category="UML" publish:ismodellink="false" publish:value="fdi" xmi:id="_9.v.l.y.o.j.oUE.e.iX.h7.aUW1DK7.g"/><publish:property canonicalName="owningTemplateParameter" name="Owning Template Parameter" publish:category="UML"/><publish:property canonicalName="Keywords" name="Palabras clave" publish:category="UML"/><publish:property canonicalName="qualifiedName" name="Qualified Name" publish:category="UML" publish:value="UMLModel::es::ucm::fdi::datos"/><publish:property canonicalName="templateParameter" name="Template Parameter" publish:category="UML"/><publish:property canonicalName="visibility" name="Visibility" publish:category="UML" publish:value="Public"/></publish:properties><packagedElement name="MemoryDB" publish:icon="-26848688_icon.png" publish:qualifiedname="UMLModel::es::ucm::fdi::datos::MemoryDB" xmi:id="_9.wM2.oT.oUE.e.iX.h7.aUW1DK7.g" xsi:type="uml:Class"><publish:properties><publish:property canonicalName="Alias" name="Alias" publish:category="UML"/><publish:property canonicalName="classifierBehavior" name="Classifier Behavior" publish:category="UML"/><publish:property canonicalName="Stereotype" name="Estereotipo" publish:category="UML"/><publish:property canonicalName="isAbstract" name="Is Abstract" publish:category="UML" publish:value="false"/><publish:property canonicalName="isActive" name="Is Active" publish:category="UML" publish:value="false"/><publish:property canonicalName="isLeaf" name="Is Leaf" publish:category="UML" publish:value="false"/><publish:property canonicalName="name" name="Name" publish:category="UML" publish:value="MemoryDB"/><publish:property canonicalName="nameExpression" name="Name Expression" publish:category="UML"/><publish:property canonicalName="namespace" name="Namespace" publish:category="UML" publish:ismodellink="false" publish:value="datos" xmi:id="_9.wM2.oD.oUE.e.iX.h7.aUW1DK7.g"/><publish:property canonicalName="ownedTemplateSignature" name="Owned Template Signature" publish:category="UML" publish:ismodellink="false" publish:value="RedefinableTemplateSignature" xmi:id="_9.wN.d.sT.oUE.e.iX.h7.aUW1DK7.g"/><publish:property canonicalName="owner" name="Owner" publish:category="UML" publish:ismodellink="false" publish:value="datos" xmi:id="_9.wM2.oD.oUE.e.iX.h7.aUW1DK7.g"/><publish:property canonicalName="owningTemplateParameter" name="Owning Template Parameter" publish:category="UML"/><publish:property canonicalName="package" name="Package" publish:category="UML" publish:ismodellink="false" publish:value="datos" xmi:id="_9.wM2.oD.oUE.e.iX.h7.aUW1DK7.g"/><publish:property canonicalName="Keywords" name="Palabras clave" publish:category="UML"/><publish:property canonicalName="qualifiedName" name="Qualified Name" publish:category="UML" publish:value="UMLModel::es::ucm::fdi::datos::MemoryDB"/><publish:property canonicalName="representation" name="Representation" publish:category="UML"/><publish:property canonicalName="templateParameter" name="Template Parameter" publish:category="UML"/><publish:property canonicalName="visibility" name="Visibility" publish:category="UML" publish:value="Public"/></publish:properties><ownedComment annotatedElement="_9.wM2.oT.oUE.e.iX.h7.aUW1DK7.g" body="Esta&amp;nbsp;clase&amp;nbsp;representa&amp;nbsp;una&amp;nbsp;BD&amp;nbsp;con&amp;nbsp;una&amp;nbsp;única&amp;nbsp;tabla&amp;nbsp;con&amp;nbsp;clave&amp;nbsp;primaria.&amp;nbsp;&lt;br&gt;Se&amp;nbsp;puede&amp;nbsp;reescribir&amp;nbsp;para&amp;nbsp;almacenar&amp;nbsp;en&amp;nbsp;varias&amp;nbsp;tablas.&amp;nbsp;Se&amp;nbsp;parametriza&lt;br&gt;con&amp;nbsp;un&amp;nbsp;tipo&amp;nbsp;concreto.&amp;nbsp;No&amp;nbsp;se&amp;nbsp;guarda&amp;nbsp;en&amp;nbsp;disco.&amp;nbsp;Asume&amp;nbsp;que&amp;nbsp;cada&amp;nbsp;objeto&lt;br&gt;sobreescribe&amp;nbsp;el&amp;nbsp;método&amp;nbsp;toString&lt;br&gt;&amp;nbsp;&lt;br&gt;@author&amp;nbsp;escalope,&amp;nbsp;@jjgomezs&lt;br&gt;&lt;br&gt;@param&amp;nbsp;&lt;T&gt;&amp;nbsp;El&amp;nbsp;parámetro&amp;nbsp;que&amp;nbsp;se&amp;nbsp;quiere&amp;nbsp;usar&amp;nbsp;para&amp;nbsp;la&amp;nbsp;tabla.&amp;nbsp;Se&amp;nbsp;pueden&amp;nbsp;poner&lt;br&gt;tantos&amp;nbsp;como&amp;nbsp;se&amp;nbsp;quiera" isDocumentation="true" isURL="false" name="&lt;Comment sin nombre&gt;" publish:icon="137355488_icon.png" publish:qualifiedname="UMLModel::es::ucm::fdi::datos::MemoryDB::&lt;Comment&gt;" xmi:id="_9.wM2.o.j.oUE.e.iX.h7.aUW1DK7.g" xsi:type="uml:Comment"><publish:properties><publish:property canonicalName="body" name="Body" publish:category="UML" publish:value="Esta&amp;nbsp;clase&amp;nbsp;representa&amp;nbsp;una&amp;nbsp;BD&amp;nbsp;con&amp;nbsp;una&amp;nbsp;única&amp;nbsp;tabla&amp;nbsp;con&amp;nbsp;clave&amp;nbsp;primaria.&amp;nbsp;&lt;br&gt;Se&amp;nbsp;puede&amp;nbsp;reescribir&amp;nbsp;para&amp;nbsp;almacenar&amp;nbsp;en&amp;nbsp;varias&amp;nbsp;tablas.&amp;nbsp;Se&amp;nbsp;parametriza&lt;br&gt;con&amp;nbsp;un&amp;nbsp;tipo&amp;nbsp;concreto.&amp;nbsp;No&amp;nbsp;se&amp;nbsp;guarda&amp;nbsp;en&amp;nbsp;disco.&amp;nbsp;Asume&amp;nbsp;que&amp;nbsp;cada&amp;nbsp;objeto&lt;br&gt;sobreescribe&amp;nbsp;el&amp;nbsp;método&amp;nbsp;toString&lt;br&gt;&amp;nbsp;&lt;br&gt;@author&amp;nbsp;escalope,&amp;nbsp;@jjgomezs&lt;br&gt;&lt;br&gt;@param&amp;nbsp;&lt;T&gt;&amp;nbsp;El&amp;nbsp;parámetro&amp;nbsp;que&amp;nbsp;se&amp;nbsp;quiere&amp;nbsp;usar&amp;nbsp;para&amp;nbsp;la&amp;nbsp;tabla.&amp;nbsp;Se&amp;nbsp;pueden&amp;nbsp;poner&lt;br&gt;tantos&amp;nbsp;como&amp;nbsp;se&amp;nbsp;quiera"/><publish:property canonicalName="Stereotype" name="Estereotipo" publish:category="UML" publish:value="documentación"/><publish:property canonicalName="owner" name="Owner" publish:category="UML" publish:ismodellink="false" publish:value="MemoryDB" xmi:id="_9.wM2.oT.oUE.e.iX.h7.aUW1DK7.g"/><publish:property canonicalName="Keywords" name="Palabras clave" publish:category="UML"/></publish:properties></ownedComment><ownedTemplateSignature name="&lt;RedefinableTemplateSignature sin nombre&gt;" publish:icon="137316816_icon.png" publish:qualifiedname="UMLModel::es::ucm::fdi::datos::MemoryDB::&lt;RedefinableTemplateSignature&gt;" xmi:id="_9.wN.d.sT.oUE.e.iX.h7.aUW1DK7.g" xsi:type="uml:RedefinableTemplateSignature"><publish:properties><publish:property canonicalName="Alias" name="Alias" publish:category="UML"/><publish:property canonicalName="classifier" name="Classifier" publish:category="UML" publish:ismodellink="false" publish:value="MemoryDB" xmi:id="_9.wM2.oT.oUE.e.iX.h7.aUW1DK7.g"/><publish:property canonicalName="Stereotype" name="Estereotipo" publish:category="UML"/><publish:property canonicalName="isLeaf" name="Is Leaf" publish:category="UML" publish:value="false"/><publish:property canonicalName="name" name="Name" publish:category="UML"/><publish:property canonicalName="nameExpression" name="Name Expression" publish:category="UML"/><publish:property canonicalName="namespace" name="Namespace" publish:category="UML" publish:ismodellink="false" publish:value="MemoryDB" xmi:id="_9.wM2.oT.oUE.e.iX.h7.aUW1DK7.g"/><publish:property canonicalName="owner" name="Owner" publish:category="UML" publish:ismodellink="false" publish:value="MemoryDB" xmi:id="_9.wM2.oT.oUE.e.iX.h7.aUW1DK7.g"/><publish:property canonicalName="Keywords" name="Palabras clave" publish:category="UML"/><publish:property canonicalName="qualifiedName" name="Qualified Name" publish:category="UML"/><publish:property canonicalName="template" name="Template" publish:category="UML" publish:ismodellink="false" publish:value="MemoryDB" xmi:id="_9.wM2.oT.oUE.e.iX.h7.aUW1DK7.g"/><publish:property canonicalName="visibility" name="Visibility" publish:category="UML" publish:value="Public"/></publish:properties><ownedParameter name="&lt;ClassifierTemplateParameter sin nombre&gt;" publish:icon="-38092384_icon.png" publish:qualifiedname="UMLModel::es::ucm::fdi::datos::MemoryDB::&lt;RedefinableTemplateSignature&gt;::&lt;ClassifierTemplateParameter&gt;" xmi:id="_9.wN.d.s.j.oUE.e.iX.h7.aUW1DK7.g" xsi:type="uml:ClassifierTemplateParameter"><publish:properties><publish:property canonicalName="allowSubstitutable" name="Allow Substitutable" publish:category="UML" publish:value="true"/><publish:property canonicalName="default" name="Default" publish:category="UML"/><publish:property canonicalName="Stereotype" name="Estereotipo" publish:category="UML"/><publish:property canonicalName="ownedDefault" name="Owned Default" publish:category="UML"/><publish:property canonicalName="ownedParameteredElement" name="Owned Parametered Element" publish:category="UML" publish:ismodellink="false" publish:value="T" xmi:id="_9.wN.d.s.z.oUE.e.iX.h7.aUW1DK7.g"/><publish:property canonicalName="owner" name="Owner" publish:category="UML" publish:ismodellink="false" publish:value="RedefinableTemplateSignature" xmi:id="_9.wN.d.sT.oUE.e.iX.h7.aUW1DK7.g"/><publish:property canonicalName="Keywords" name="Palabras clave" publish:category="UML"/><publish:property canonicalName="parameteredElement" name="Parametered Element" publish:category="UML" publish:ismodellink="false" publish:value="T" xmi:id="_9.wN.d.s.z.oUE.e.iX.h7.aUW1DK7.g"/><publish:property canonicalName="signature" name="Signature" publish:category="UML" publish:ismodellink="false" publish:value="RedefinableTemplateSignature" xmi:id="_9.wN.d.sT.oUE.e.iX.h7.aUW1DK7.g"/></publish:properties><ownedParameteredElement name="T" publish:icon="-26848688_icon.png" publish:qualifiedname="UMLModel::es::ucm::fdi::datos::MemoryDB::&lt;RedefinableTemplateSignature&gt;::&lt;ClassifierTemplateParameter&gt;::T" xmi:id="_9.wN.d.s.z.oUE.e.iX.h7.aUW1DK7.g" xsi:type="uml:Class"><publish:properties><publish:property canonicalName="Alias" name="Alias" publish:category="UML"/><publish:property canonicalName="classifierBehavior" name="Classifier Behavior" publish:category="UML"/><publish:property canonicalName="Stereotype" name="Estereotipo" publish:category="UML"/><publish:property canonicalName="isAbstract" name="Is Abstract" publish:category="UML" publish:value="false"/><publish:property canonicalName="isActive" name="Is Active" publish:category="UML" publish:value="false"/><publish:property canonicalName="isLeaf" name="Is Leaf" publish:category="UML" publish:value="false"/><publish:property canonicalName="name" name="Name" publish:category="UML" publish:value="T"/><publish:property canonicalName="nameExpression" name="Name Expression" publish:category="UML"/><publish:property canonicalName="namespace" name="Namespace" publish:category="UML"/><publish:property canonicalName="ownedTemplateSignature" name="Owned Template Signature" publish:category="UML"/><publish:property canonicalName="owner" name="Owner" publish:category="UML" publish:ismodellink="false" publish:value="T : Class" xmi:id="_9.wN.d.s.j.oUE.e.iX.h7.aUW1DK7.g"/><publish:property canonicalName="owningTemplateParameter" name="Owning Template Parameter" publish:category="UML" publish:ismodellink="false" publish:value="T : Class" xmi:id="_9.wN.d.s.j.oUE.e.iX.h7.aUW1DK7.g"/><publish:property canonicalName="package" name="Package" publish:category="UML"/><publish:property canonicalName="Keywords" name="Palabras clave" publish:category="UML"/><publish:property canonicalName="qualifiedName" name="Qualified Name" publish:category="UML" publish:value="T"/><publish:property canonicalName="representation" name="Representation" publish:category="UML"/><publish:property canonicalName="templateParameter" name="Template Parameter" publish:category="UML" publish:ismodellink="false" publish:value="T : Class" xmi:id="_9.wN.d.s.j.oUE.e.iX.h7.aUW1DK7.g"/><publish:property canonicalName="visibility" name="Visibility" publish:category="UML" publish:value="Public"/></publish:properties></ownedParameteredElement></ownedParameter></ownedTemplateSignature><ownedAttribute name="tabla" publish:icon="139334096_icon.png" publish:is_association="false" publish:qualifiedname="UMLModel::es::ucm::fdi::datos::MemoryDB::tabla" publish:type="T" publish:typeid="_9.wN.d.s.z.oUE.e.iX.h7.aUW1DK7.g" xmi:id="_92.v.j.gT.oUE.e.iX.h7.aUW1DK7.g" xsi:type="uml:Property"><publish:properties><publish:property canonicalName="aggregation" name="Aggregation" publish:category="UML" publish:value="None"/><publish:property canonicalName="Alias" name="Alias" publish:category="UML"/><publish:property canonicalName="association" name="Association" publish:category="UML"/><publish:property canonicalName="associationEnd" name="Association End" publish:category="UML"/><publish:property canonicalName="class" name="Class" publish:category="UML" publish:ismodellink="false" publish:value="MemoryDB" xmi:id="_9.wM2.oT.oUE.e.iX.h7.aUW1DK7.g"/><publish:property canonicalName="datatype" name="Datatype" publish:category="UML"/><publish:property canonicalName="default" name="Default" publish:category="UML" publish:value="new Hashtable&lt;String,T&gt;()"/><publish:property canonicalName="defaultValue" name="Default Value" publish:category="UML" publish:nohref="true" publish:value="(new Hashtable&lt;String,T&gt;())"/><publish:property canonicalName="Stereotype" name="Estereotipo" publish:category="UML" publish:value="colecciónJava"/><publish:property canonicalName="isComposite" name="Is Composite" publish:category="UML" publish:value="false"/><publish:property canonicalName="isDerived" name="Is Derived" publish:category="UML" publish:value="false"/><publish:property canonicalName="isDerivedUnion" name="Is Derived Union" publish:category="UML" publish:value="false"/><publish:property canonicalName="isLeaf" name="Is Leaf" publish:category="UML" publish:value="false"/><publish:property canonicalName="isOrdered" name="Is Ordered" publish:category="UML" publish:value="false"/><publish:property canonicalName="isReadOnly" name="Is Read Only" publish:category="UML" publish:value="false"/><publish:property canonicalName="isStatic" name="Is Static" publish:category="UML" publish:value="false"/><publish:property canonicalName="isUnique" name="Is Unique" publish:category="UML" publish:value="true"/><publish:property canonicalName="lower" name="Lower" publish:category="UML" publish:value="0"/><publish:property canonicalName="lowerValue" name="Lower Value" publish:category="UML" publish:nohref="true" publish:value="(0)"/><publish:property canonicalName="Multiplicity" name="Multiplicidad" publish:category="UML" publish:value="*"/><publish:property canonicalName="name" name="Name" publish:category="UML" publish:value="tabla"/><publish:property canonicalName="nameExpression" name="Name Expression" publish:category="UML"/><publish:property canonicalName="namespace" name="Namespace" publish:category="UML" publish:ismodellink="false" publish:value="MemoryDB" xmi:id="_9.wM2.oT.oUE.e.iX.h7.aUW1DK7.g"/><publish:property canonicalName="opposite" name="Opposite" publish:category="UML"/><publish:property canonicalName="owner" name="Owner" publish:category="UML" publish:ismodellink="false" publish:value="MemoryDB" xmi:id="_9.wM2.oT.oUE.e.iX.h7.aUW1DK7.g"/><publish:property canonicalName="owningAssociation" name="Owning Association" publish:category="UML"/><publish:property canonicalName="owningTemplateParameter" name="Owning Template Parameter" publish:category="UML"/><publish:property canonicalName="Keywords" name="Palabras clave" publish:category="UML"/><publish:property canonicalName="qualifiedName" name="Qualified Name" publish:category="UML" publish:value="UMLModel::es::ucm::fdi::datos::MemoryDB::tabla"/><publish:property canonicalName="templateParameter" name="Template Parameter" publish:category="UML"/><publish:property canonicalName="tipoDeClave" name="tipoDeClave" publish:category="colecciónJava" publish:value="String"/><publish:property canonicalName="tipoDeColección" name="tipoDeColección" publish:category="colecciónJava" publish:value="java.util.Hashtable"/><publish:property canonicalName="type" name="Type" publish:category="UML" publish:ismodellink="false" publish:value="T" xmi:id="_9.wN.d.s.z.oUE.e.iX.h7.aUW1DK7.g"/><publish:property canonicalName="upper" name="Upper" publish:category="UML" publish:value="*"/><publish:property canonicalName="upperValue" name="Upper Value" publish:category="UML" publish:nohref="true" publish:value="(*)"/><publish:property canonicalName="visibility" name="Visibility" publish:category="UML" publish:value="Private"/></publish:properties><upperValue name="&lt;LiteralUnlimitedNatural sin nombre&gt;" publish:icon="139277904_icon.png" publish:qualifiedname="UMLModel::es::ucm::fdi::datos::MemoryDB::tabla::&lt;LiteralUnlimitedNatural&gt;" xmi:id="_92.wK.kD.oUE.e.iX.h7.aUW1DK7.g" xsi:type="uml:LiteralUnlimitedNatural"><publish:properties><publish:property canonicalName="Alias" name="Alias" publish:category="UML"/><publish:property canonicalName="Stereotype" name="Estereotipo" publish:category="UML"/><publish:property canonicalName="name" name="Name" publish:category="UML"/><publish:property canonicalName="nameExpression" name="Name Expression" publish:category="UML"/><publish:property canonicalName="namespace" name="Namespace" publish:category="UML"/><publish:property anchor="#_92.v.j.gT.oUE.e.iX.h7.aUW1DK7.g" canonicalName="owner" name="Owner" publish:category="UML" publish:ismodellink="false" publish:value="«colecciónJava» tabla" xmi:id="_9.wM2.oT.oUE.e.iX.h7.aUW1DK7.g"/><publish:property canonicalName="owningTemplateParameter" name="Owning Template Parameter" publish:category="UML"/><publish:property canonicalName="Keywords" name="Palabras clave" publish:category="UML"/><publish:property canonicalName="qualifiedName" name="Qualified Name" publish:category="UML"/><publish:property canonicalName="templateParameter" name="Template Parameter" publish:category="UML"/><publish:property canonicalName="type" name="Type" publish:category="UML"/><publish:property canonicalName="value" name="Value" publish:category="UML" publish:value="*"/><publish:property canonicalName="visibility" name="Visibility" publish:category="UML" publish:value="Public"/></publish:properties></upperValue><lowerValue name="&lt;LiteralInteger sin nombre&gt;" publish:icon="139279728_icon.png" publish:qualifiedname="UMLModel::es::ucm::fdi::datos::MemoryDB::tabla::&lt;LiteralInteger&gt;" xmi:id="_92.wK.kT.oUE.e.iX.h7.aUW1DK7.g" xsi:type="uml:LiteralInteger"><publish:properties><publish:property canonicalName="Alias" name="Alias" publish:category="UML"/><publish:property canonicalName="Stereotype" name="Estereotipo" publish:category="UML"/><publish:property canonicalName="name" name="Name" publish:category="UML"/><publish:property canonicalName="nameExpression" name="Name Expression" publish:category="UML"/><publish:property canonicalName="namespace" name="Namespace" publish:category="UML"/><publish:property anchor="#_92.v.j.gT.oUE.e.iX.h7.aUW1DK7.g" canonicalName="owner" name="Owner" publish:category="UML" publish:ismodellink="false" publish:value="«colecciónJava» tabla" xmi:id="_9.wM2.oT.oUE.e.iX.h7.aUW1DK7.g"/><publish:property canonicalName="owningTemplateParameter" name="Owning Template Parameter" publish:category="UML"/><publish:property canonicalName="Keywords" name="Palabras clave" publish:category="UML"/><publish:property canonicalName="qualifiedName" name="Qualified Name" publish:category="UML"/><publish:property canonicalName="templateParameter" name="Template Parameter" publish:category="UML"/><publish:property canonicalName="type" name="Type" publish:category="UML"/><publish:property canonicalName="value" name="Value" publish:category="UML" publish:value="0"/><publish:property canonicalName="visibility" name="Visibility" publish:category="UML" publish:value="Public"/></publish:properties></lowerValue><defaultValue name="&lt;OpaqueExpression sin nombre&gt;" publish:icon="137352080_icon.png" publish:qualifiedname="UMLModel::es::ucm::fdi::datos::MemoryDB::tabla::&lt;OpaqueExpression&gt;" xmi:id="_92.w.x.oD.oUE.e.iX.h7.aUW1DK7.g" xsi:type="uml:OpaqueExpression"><publish:properties><publish:property canonicalName="Alias" name="Alias" publish:category="UML"/><publish:property canonicalName="behavior" name="Behavior" publish:category="UML"/><publish:property canonicalName="body" name="Body" publish:category="UML" publish:value="new Hashtable&lt;String,T&gt;()"/><publish:property canonicalName="Stereotype" name="Estereotipo" publish:category="UML"/><publish:property canonicalName="language" name="Language" publish:category="UML"/><publish:property canonicalName="name" name="Name" publish:category="UML"/><publish:property canonicalName="nameExpression" name="Name Expression" publish:category="UML"/><publish:property canonicalName="namespace" name="Namespace" publish:category="UML"/><publish:property anchor="#_92.v.j.gT.oUE.e.iX.h7.aUW1DK7.g" canonicalName="owner" name="Owner" publish:category="UML" publish:ismodellink="false" publish:value="«colecciónJava» tabla" xmi:id="_9.wM2.oT.oUE.e.iX.h7.aUW1DK7.g"/><publish:property canonicalName="owningTemplateParameter" name="Owning Template Parameter" publish:category="UML"/><publish:property canonicalName="Keywords" name="Palabras clave" publish:category="UML"/><publish:property canonicalName="qualifiedName" name="Qualified Name" publish:category="UML"/><publish:property canonicalName="result" name="Result" publish:category="UML"/><publish:property canonicalName="templateParameter" name="Template Parameter" publish:category="UML"/><publish:property canonicalName="type" name="Type" publish:category="UML"/><publish:property canonicalName="visibility" name="Visibility" publish:category="UML" publish:value="Public"/></publish:properties></defaultValue></ownedAttribute><ownedAttribute name="ids" publish:icon="137321376_icon.png" publish:qualifiedname="UMLModel::es::ucm::fdi::datos::MemoryDB::ids" publish:type="String" xmi:id="_92.w.x.oT.oUE.e.iX.h7.aUW1DK7.g" xsi:type="uml:Property"><publish:properties><publish:property canonicalName="aggregation" name="Aggregation" publish:category="UML" publish:value="None"/><publish:property canonicalName="Alias" name="Alias" publish:category="UML"/><publish:property canonicalName="association" name="Association" publish:category="UML"/><publish:property canonicalName="associationEnd" name="Association End" publish:category="UML"/><publish:property canonicalName="class" name="Class" publish:category="UML" publish:ismodellink="false" publish:value="MemoryDB" xmi:id="_9.wM2.oT.oUE.e.iX.h7.aUW1DK7.g"/><publish:property canonicalName="datatype" name="Datatype" publish:category="UML"/><publish:property canonicalName="default" name="Default" publish:category="UML"/><publish:property canonicalName="defaultValue" name="Default Value" publish:category="UML"/><publish:property canonicalName="Stereotype" name="Estereotipo" publish:category="UML" publish:value="colecciónJava"/><publish:property canonicalName="isComposite" name="Is Composite" publish:category="UML" publish:value="false"/><publish:property canonicalName="isDerived" name="Is Derived" publish:category="UML" publish:value="true"/><publish:property canonicalName="isDerivedUnion" name="Is Derived Union" publish:category="UML" publish:value="false"/><publish:property canonicalName="isLeaf" name="Is Leaf" publish:category="UML" publish:value="false"/><publish:property canonicalName="isOrdered" name="Is Ordered" publish:category="UML" publish:value="true"/><publish:property canonicalName="isReadOnly" name="Is Read Only" publish:category="UML" publish:value="true"/><publish:property canonicalName="isStatic" name="Is Static" publish:category="UML" publish:value="false"/><publish:property canonicalName="isUnique" name="Is Unique" publish:category="UML" publish:value="false"/><publish:property canonicalName="lower" name="Lower" publish:category="UML" publish:value="0"/><publish:property canonicalName="lowerValue" name="Lower Value" publish:category="UML" publish:nohref="true" publish:value="(0)"/><publish:property canonicalName="Multiplicity" name="Multiplicidad" publish:category="UML" publish:value="*"/><publish:property canonicalName="name" name="Name" publish:category="UML" publish:value="ids"/><publish:property canonicalName="nameExpression" name="Name Expression" publish:category="UML"/><publish:property canonicalName="namespace" name="Namespace" publish:category="UML" publish:ismodellink="false" publish:value="MemoryDB" xmi:id="_9.wM2.oT.oUE.e.iX.h7.aUW1DK7.g"/><publish:property canonicalName="opposite" name="Opposite" publish:category="UML"/><publish:property canonicalName="owner" name="Owner" publish:category="UML" publish:ismodellink="false" publish:value="MemoryDB" xmi:id="_9.wM2.oT.oUE.e.iX.h7.aUW1DK7.g"/><publish:property canonicalName="owningAssociation" name="Owning Association" publish:category="UML"/><publish:property canonicalName="owningTemplateParameter" name="Owning Template Parameter" publish:category="UML"/><publish:property canonicalName="Keywords" name="Palabras clave" publish:category="UML"/><publish:property canonicalName="qualifiedName" name="Qualified Name" publish:category="UML" publish:value="UMLModel::es::ucm::fdi::datos::MemoryDB::ids"/><publish:property canonicalName="templateParameter" name="Template Parameter" publish:category="UML"/><publish:property canonicalName="tipoDeClave" name="tipoDeClave" publish:category="colecciónJava" publish:value="nulo"/><publish:property canonicalName="tipoDeColección" name="tipoDeColección" publish:category="colecciónJava" publish:value="java.util.List"/><publish:property canonicalName="type" name="Type" publish:category="UML" publish:value="String"/><publish:property canonicalName="upper" name="Upper" publish:category="UML" publish:value="*"/><publish:property canonicalName="upperValue" name="Upper Value" publish:category="UML" publish:nohref="true" publish:value="(*)"/><publish:property canonicalName="visibility" name="Visibility" publish:category="UML" publish:value="Public"/></publish:properties><upperValue name="&lt;LiteralUnlimitedNatural sin nombre&gt;" publish:icon="139277904_icon.png" publish:qualifiedname="UMLModel::es::ucm::fdi::datos::MemoryDB::ids::&lt;LiteralUnlimitedNatural&gt;" xmi:id="_92.xY.sD.oUE.e.iX.h7.aUW1DK7.g" xsi:type="uml:LiteralUnlimitedNatural"><publish:properties><publish:property canonicalName="Alias" name="Alias" publish:category="UML"/><publish:property canonicalName="Stereotype" name="Estereotipo" publish:category="UML"/><publish:property canonicalName="name" name="Name" publish:category="UML"/><publish:property canonicalName="nameExpression" name="Name Expression" publish:category="UML"/><publish:property canonicalName="namespace" name="Namespace" publish:category="UML"/><publish:property anchor="#_92.w.x.oT.oUE.e.iX.h7.aUW1DK7.g" canonicalName="owner" name="Owner" publish:category="UML" publish:ismodellink="false" publish:value="«colecciónJava» ids" xmi:id="_9.wM2.oT.oUE.e.iX.h7.aUW1DK7.g"/><publish:property canonicalName="owningTemplateParameter" name="Owning Template Parameter" publish:category="UML"/><publish:property canonicalName="Keywords" name="Palabras clave" publish:category="UML"/><publish:property canonicalName="qualifiedName" name="Qualified Name" publish:category="UML"/><publish:property canonicalName="templateParameter" name="Template Parameter" publish:category="UML"/><publish:property canonicalName="type" name="Type" publish:category="UML"/><publish:property canonicalName="value" name="Value" publish:category="UML" publish:value="*"/><publish:property canonicalName="visibility" name="Visibility" publish:category="UML" publish:value="Public"/></publish:properties></upperValue><lowerValue name="&lt;LiteralInteger sin nombre&gt;" publish:icon="139279728_icon.png" publish:qualifiedname="UMLModel::es::ucm::fdi::datos::MemoryDB::ids::&lt;LiteralInteger&gt;" xmi:id="_92.xY.sT.oUE.e.iX.h7.aUW1DK7.g" xsi:type="uml:LiteralInteger"><publish:properties><publish:property canonicalName="Alias" name="Alias" publish:category="UML"/><publish:property canonicalName="Stereotype" name="Estereotipo" publish:category="UML"/><publish:property canonicalName="name" name="Name" publish:category="UML"/><publish:property canonicalName="nameExpression" name="Name Expression" publish:category="UML"/><publish:property canonicalName="namespace" name="Namespace" publish:category="UML"/><publish:property anchor="#_92.w.x.oT.oUE.e.iX.h7.aUW1DK7.g" canonicalName="owner" name="Owner" publish:category="UML" publish:ismodellink="false" publish:value="«colecciónJava» ids" xmi:id="_9.wM2.oT.oUE.e.iX.h7.aUW1DK7.g"/><publish:property canonicalName="owningTemplateParameter" name="Owning Template Parameter" publish:category="UML"/><publish:property canonicalName="Keywords" name="Palabras clave" publish:category="UML"/><publish:property canonicalName="qualifiedName" name="Qualified Name" publish:category="UML"/><publish:property canonicalName="templateParameter" name="Template Parameter" publish:category="UML"/><publish:property canonicalName="type" name="Type" publish:category="UML"/><publish:property canonicalName="value" name="Value" publish:category="UML" publish:value="0"/><publish:property canonicalName="visibility" name="Visibility" publish:category="UML" publish:value="Public"/></publish:properties></lowerValue></ownedAttribute><ownedOperation name="insert" publish:icon="137329536_icon.png" publish:qualifiedname="UMLModel::es::ucm::fdi::datos::MemoryDB::insert" xmi:id="_92.xY.s.z.oUE.e.iX.h7.aUW1DK7.g" xsi:type="uml:Operation"><publish:properties><publish:property canonicalName="Alias" name="Alias" publish:category="UML"/><publish:property canonicalName="bodyCondition" name="Body Condition" publish:category="UML"/><publish:property canonicalName="class" name="Class" publish:category="UML" publish:ismodellink="false" publish:value="MemoryDB" xmi:id="_9.wM2.oT.oUE.e.iX.h7.aUW1DK7.g"/><publish:property canonicalName="concurrency" name="Concurrency" publish:category="UML" publish:value="Guarded"/><publish:property canonicalName="datatype" name="Datatype" publish:category="UML"/><publish:property canonicalName="Stereotype" name="Estereotipo" publish:category="UML"/><publish:property canonicalName="interface" name="Interface" publish:category="UML"/><publish:property canonicalName="isAbstract" name="Is Abstract" publish:category="UML" publish:value="false"/><publish:property canonicalName="isLeaf" name="Is Leaf" publish:category="UML" publish:value="false"/><publish:property canonicalName="isOrdered" name="Is Ordered" publish:category="UML" publish:value="false"/><publish:property canonicalName="isQuery" name="Is Query" publish:category="UML" publish:value="false"/><publish:property canonicalName="isStatic" name="Is Static" publish:category="UML" publish:value="false"/><publish:property canonicalName="isUnique" name="Is Unique" publish:category="UML" publish:value="true"/><publish:property canonicalName="lower" name="Lower" publish:category="UML" publish:value="1"/><publish:property canonicalName="name" name="Name" publish:category="UML" publish:value="insert"/><publish:property canonicalName="nameExpression" name="Name Expression" publish:category="UML"/><publish:property canonicalName="namespace" name="Namespace" publish:category="UML" publish:ismodellink="false" publish:value="MemoryDB" xmi:id="_9.wM2.oT.oUE.e.iX.h7.aUW1DK7.g"/><publish:property canonicalName="ownedTemplateSignature" name="Owned Template Signature" publish:category="UML"/><publish:property canonicalName="owner" name="Owner" publish:category="UML" publish:ismodellink="false" publish:value="MemoryDB" xmi:id="_9.wM2.oT.oUE.e.iX.h7.aUW1DK7.g"/><publish:property canonicalName="owningTemplateParameter" name="Owning Template Parameter" publish:category="UML"/><publish:property canonicalName="Keywords" name="Palabras clave" publish:category="UML"/><publish:property canonicalName="qualifiedName" name="Qualified Name" publish:category="UML" publish:value="UMLModel::es::ucm::fdi::datos::MemoryDB::insert"/><publish:property canonicalName="templateParameter" name="Template Parameter" publish:category="UML"/><publish:property canonicalName="type" name="Type" publish:category="UML"/><publish:property canonicalName="upper" name="Upper" publish:category="UML" publish:value="1"/><publish:property canonicalName="visibility" name="Visibility" publish:category="UML" publish:value="Public"/></publish:properties><ownedComment annotatedElement="_92.xY.s.z.oUE.e.iX.h7.aUW1DK7.g" body="&amp;nbsp;&amp;nbsp;&amp;nbsp;Insertar&amp;nbsp;un&amp;nbsp;elemento&amp;nbsp;en&amp;nbsp;la&amp;nbsp;tabla.&amp;nbsp;Si&amp;nbsp;se&amp;nbsp;insertan&amp;nbsp;dos&amp;nbsp;elementos&amp;nbsp;con&amp;nbsp;mismo&lt;br&gt;&amp;nbsp;identificador,&amp;nbsp;se&amp;nbsp;sobreescriben.&amp;nbsp;&lt;br&gt;&lt;br&gt;@param&amp;nbsp;nuevo&amp;nbsp;el&amp;nbsp;nuevo&amp;nbsp;objeto&lt;br&gt;@param&amp;nbsp;id&amp;nbsp;identificador" isDocumentation="true" isURL="false" name="&lt;Comment sin nombre&gt;" publish:icon="137355488_icon.png" publish:qualifiedname="UMLModel::es::ucm::fdi::datos::MemoryDB::insert::&lt;Comment&gt;" xmi:id="_92.x_.wD.oUE.e.iX.h7.aUW1DK7.g" xsi:type="uml:Comment"><publish:properties><publish:property canonicalName="body" name="Body" publish:category="UML" publish:value="&amp;nbsp;&amp;nbsp;&amp;nbsp;Insertar&amp;nbsp;un&amp;nbsp;elemento&amp;nbsp;en&amp;nbsp;la&amp;nbsp;tabla.&amp;nbsp;Si&amp;nbsp;se&amp;nbsp;insertan&amp;nbsp;dos&amp;nbsp;elementos&amp;nbsp;con&amp;nbsp;mismo&lt;br&gt;&amp;nbsp;identificador,&amp;nbsp;se&amp;nbsp;sobreescriben.&amp;nbsp;&lt;br&gt;&lt;br&gt;@param&amp;nbsp;nuevo&amp;nbsp;el&amp;nbsp;nuevo&amp;nbsp;objeto&lt;br&gt;@param&amp;nbsp;id&amp;nbsp;identificador"/><publish:property canonicalName="Stereotype" name="Estereotipo" publish:category="UML" publish:value="documentación"/><publish:property anchor="#_92.xY.s.z.oUE.e.iX.h7.aUW1DK7.g" canonicalName="owner" name="Owner" publish:category="UML" publish:ismodellink="false" publish:value="insert ( )" xmi:id="_9.wM2.oT.oUE.e.iX.h7.aUW1DK7.g"/><publish:property canonicalName="Keywords" name="Palabras clave" publish:category="UML"/></publish:properties></ownedComment><ownedParameter direction="in" name="nuevo" publish:icon="139263120_icon.png" publish:qualifiedname="UMLModel::es::ucm::fdi::datos::MemoryDB::insert::nuevo" xmi:id="_92.y.m0D.oUE.e.iX.h7.aUW1DK7.g" xsi:type="uml:Parameter"><publish:properties><publish:property canonicalName="Alias" name="Alias" publish:category="UML"/><publish:property canonicalName="default" name="Default" publish:category="UML"/><publish:property canonicalName="defaultValue" name="Default Value" publish:category="UML"/><publish:property canonicalName="direction" name="Direction" publish:category="UML" publish:value="In"/><publish:property canonicalName="effect" name="Effect" publish:category="UML" publish:value="Create"/><publish:property canonicalName="Stereotype" name="Estereotipo" publish:category="UML"/><publish:property canonicalName="isException" name="Is Exception" publish:category="UML" publish:value="false"/><publish:property canonicalName="isOrdered" name="Is Ordered" publish:category="UML" publish:value="false"/><publish:property canonicalName="isStream" name="Is Stream" publish:category="UML" publish:value="false"/><publish:property canonicalName="isUnique" name="Is Unique" publish:category="UML" publish:value="true"/><publish:property canonicalName="lower" name="Lower" publish:category="UML" publish:value="1"/><publish:property canonicalName="lowerValue" name="Lower Value" publish:category="UML"/><publish:property canonicalName="Multiplicity" name="Multiplicidad" publish:category="UML" publish:value="1"/><publish:property canonicalName="name" name="Name" publish:category="UML" publish:value="nuevo"/><publish:property canonicalName="nameExpression" name="Name Expression" publish:category="UML"/><publish:property anchor="#_92.xY.s.z.oUE.e.iX.h7.aUW1DK7.g" canonicalName="namespace" name="Namespace" publish:category="UML" publish:ismodellink="false" publish:value="insert ( )" xmi:id="_9.wM2.oT.oUE.e.iX.h7.aUW1DK7.g"/><publish:property anchor="#_92.xY.s.z.oUE.e.iX.h7.aUW1DK7.g" canonicalName="operation" name="Operation" publish:category="UML" publish:ismodellink="false" publish:value="insert ( )" xmi:id="_9.wM2.oT.oUE.e.iX.h7.aUW1DK7.g"/><publish:property anchor="#_92.xY.s.z.oUE.e.iX.h7.aUW1DK7.g" canonicalName="owner" name="Owner" publish:category="UML" publish:ismodellink="false" publish:value="insert ( )" xmi:id="_9.wM2.oT.oUE.e.iX.h7.aUW1DK7.g"/><publish:property canonicalName="owningTemplateParameter" name="Owning Template Parameter" publish:category="UML"/><publish:property canonicalName="Keywords" name="Palabras clave" publish:category="UML"/><publish:property canonicalName="qualifiedName" name="Qualified Name" publish:category="UML" publish:value="UMLModel::es::ucm::fdi::datos::MemoryDB::insert::nuevo"/><publish:property canonicalName="templateParameter" name="Template Parameter" publish:category="UML"/><publish:property canonicalName="type" name="Type" publish:category="UML" publish:ismodellink="false" publish:value="T" xmi:id="_9.wN.d.s.z.oUE.e.iX.h7.aUW1DK7.g"/><publish:property canonicalName="upper" name="Upper" publish:category="UML" publish:value="1"/><publish:property canonicalName="upperValue" name="Upper Value" publish:category="UML"/><publish:property canonicalName="visibility" name="Visibility" publish:category="UML" publish:value="Public"/></publish:properties></ownedParameter><ownedParameter direction="in" name="id" publish:icon="139263120_icon.png" publish:qualifiedname="UMLModel::es::ucm::fdi::datos::MemoryDB::insert::id" xmi:id="_92.y.m0T.oUE.e.iX.h7.aUW1DK7.g" xsi:type="uml:Parameter"><publish:properties><publish:property canonicalName="Alias" name="Alias" publish:category="UML"/><publish:property canonicalName="default" name="Default" publish:category="UML"/><publish:property canonicalName="defaultValue" name="Default Value" publish:category="UML"/><publish:property canonicalName="direction" name="Direction" publish:category="UML" publish:value="In"/><publish:property canonicalName="effect" name="Effect" publish:category="UML" publish:value="Create"/><publish:property canonicalName="Stereotype" name="Estereotipo" publish:category="UML"/><publish:property canonicalName="isException" name="Is Exception" publish:category="UML" publish:value="false"/><publish:property canonicalName="isOrdered" name="Is Ordered" publish:category="UML" publish:value="false"/><publish:property canonicalName="isStream" name="Is Stream" publish:category="UML" publish:value="false"/><publish:property canonicalName="isUnique" name="Is Unique" publish:category="UML" publish:value="true"/><publish:property canonicalName="lower" name="Lower" publish:category="UML" publish:value="1"/><publish:property canonicalName="lowerValue" name="Lower Value" publish:category="UML"/><publish:property canonicalName="Multiplicity" name="Multiplicidad" publish:category="UML" publish:value="1"/><publish:property canonicalName="name" name="Name" publish:category="UML" publish:value="id"/><publish:property canonicalName="nameExpression" name="Name Expression" publish:category="UML"/><publish:property anchor="#_92.xY.s.z.oUE.e.iX.h7.aUW1DK7.g" canonicalName="namespace" name="Namespace" publish:category="UML" publish:ismodellink="false" publish:value="insert ( )" xmi:id="_9.wM2.oT.oUE.e.iX.h7.aUW1DK7.g"/><publish:property anchor="#_92.xY.s.z.oUE.e.iX.h7.aUW1DK7.g" canonicalName="operation" name="Operation" publish:category="UML" publish:ismodellink="false" publish:value="insert ( )" xmi:id="_9.wM2.oT.oUE.e.iX.h7.aUW1DK7.g"/><publish:property anchor="#_92.xY.s.z.oUE.e.iX.h7.aUW1DK7.g" canonicalName="owner" name="Owner" publish:category="UML" publish:ismodellink="false" publish:value="insert ( )" xmi:id="_9.wM2.oT.oUE.e.iX.h7.aUW1DK7.g"/><publish:property canonicalName="owningTemplateParameter" name="Owning Template Parameter" publish:category="UML"/><publish:property canonicalName="Keywords" name="Palabras clave" publish:category="UML"/><publish:property canonicalName="qualifiedName" name="Qualified Name" publish:category="UML" publish:value="UMLModel::es::ucm::fdi::datos::MemoryDB::insert::id"/><publish:property canonicalName="templateParameter" name="Template Parameter" publish:category="UML"/><publish:property canonicalName="type" name="Type" publish:category="UML" publish:value="String"/><publish:property canonicalName="upper" name="Upper" publish:category="UML" publish:value="1"/><publish:property canonicalName="upperValue" name="Upper Value" publish:category="UML"/><publish:property canonicalName="visibility" name="Visibility" publish:category="UML" publish:value="Public"/></publish:properties></ownedParameter></ownedOperation><ownedOperation name="find" publish:icon="137329536_icon.png" publish:qualifiedname="UMLModel::es::ucm::fdi::datos::MemoryDB::find" xmi:id="_92.y.m0.j.oUE.e.iX.h7.aUW1DK7.g" xsi:type="uml:Operation"><publish:properties><publish:property canonicalName="Alias" name="Alias" publish:category="UML"/><publish:property canonicalName="bodyCondition" name="Body Condition" publish:category="UML"/><publish:property canonicalName="class" name="Class" publish:category="UML" publish:ismodellink="false" publish:value="MemoryDB" xmi:id="_9.wM2.oT.oUE.e.iX.h7.aUW1DK7.g"/><publish:property canonicalName="concurrency" name="Concurrency" publish:category="UML" publish:value="Guarded"/><publish:property canonicalName="datatype" name="Datatype" publish:category="UML"/><publish:property canonicalName="Stereotype" name="Estereotipo" publish:category="UML"/><publish:property canonicalName="interface" name="Interface" publish:category="UML"/><publish:property canonicalName="isAbstract" name="Is Abstract" publish:category="UML" publish:value="false"/><publish:property canonicalName="isLeaf" name="Is Leaf" publish:category="UML" publish:value="false"/><publish:property canonicalName="isOrdered" name="Is Ordered" publish:category="UML" publish:value="false"/><publish:property canonicalName="isQuery" name="Is Query" publish:category="UML" publish:value="false"/><publish:property canonicalName="isStatic" name="Is Static" publish:category="UML" publish:value="false"/><publish:property canonicalName="isUnique" name="Is Unique" publish:category="UML" publish:value="true"/><publish:property canonicalName="lower" name="Lower" publish:category="UML" publish:value="1"/><publish:property canonicalName="name" name="Name" publish:category="UML" publish:value="find"/><publish:property canonicalName="nameExpression" name="Name Expression" publish:category="UML"/><publish:property canonicalName="namespace" name="Namespace" publish:category="UML" publish:ismodellink="false" publish:value="MemoryDB" xmi:id="_9.wM2.oT.oUE.e.iX.h7.aUW1DK7.g"/><publish:property canonicalName="ownedTemplateSignature" name="Owned Template Signature" publish:category="UML"/><publish:property canonicalName="owner" name="Owner" publish:category="UML" publish:ismodellink="false" publish:value="MemoryDB" xmi:id="_9.wM2.oT.oUE.e.iX.h7.aUW1DK7.g"/><publish:property canonicalName="owningTemplateParameter" name="Owning Template Parameter" publish:category="UML"/><publish:property canonicalName="Keywords" name="Palabras clave" publish:category="UML"/><publish:property canonicalName="qualifiedName" name="Qualified Name" publish:category="UML" publish:value="UMLModel::es::ucm::fdi::datos::MemoryDB::find"/><publish:property canonicalName="templateParameter" name="Template Parameter" publish:category="UML"/><publish:property canonicalName="type" name="Type" publish:category="UML" publish:ismodellink="false" publish:value="T" xmi:id="_9.wN.d.s.z.oUE.e.iX.h7.aUW1DK7.g"/><publish:property canonicalName="upper" name="Upper" publish:category="UML" publish:value="1"/><publish:property canonicalName="visibility" name="Visibility" publish:category="UML" publish:value="Public"/></publish:properties><ownedComment annotatedElement="_92.y.m0.j.oUE.e.iX.h7.aUW1DK7.g" body="Encontrar&amp;nbsp;un&amp;nbsp;objeto&amp;nbsp;con&amp;nbsp;un&amp;nbsp;identificador&amp;nbsp;concreto.&amp;nbsp;Devuelve&amp;nbsp;NULL&amp;nbsp;si&amp;nbsp;&lt;br&gt;no&amp;nbsp;se&amp;nbsp;encuentra&lt;br&gt;&lt;br&gt;@param&amp;nbsp;id&amp;nbsp;identificador&amp;nbsp;del&amp;nbsp;objeto&lt;br&gt;@return&amp;nbsp;El&amp;nbsp;objeto&amp;nbsp;o&amp;nbsp;null&amp;nbsp;si&amp;nbsp;no&amp;nbsp;se&amp;nbsp;encuentra." isDocumentation="true" isURL="false" name="&lt;Comment sin nombre&gt;" publish:icon="137355488_icon.png" publish:qualifiedname="UMLModel::es::ucm::fdi::datos::MemoryDB::find::&lt;Comment&gt;" xmi:id="_92.zN4D.oUE.e.iX.h7.aUW1DK7.g" xsi:type="uml:Comment"><publish:properties><publish:property canonicalName="body" name="Body" publish:category="UML" publish:value="Encontrar&amp;nbsp;un&amp;nbsp;objeto&amp;nbsp;con&amp;nbsp;un&amp;nbsp;identificador&amp;nbsp;concreto.&amp;nbsp;Devuelve&amp;nbsp;NULL&amp;nbsp;si&amp;nbsp;&lt;br&gt;no&amp;nbsp;se&amp;nbsp;encuentra&lt;br&gt;&lt;br&gt;@param&amp;nbsp;id&amp;nbsp;identificador&amp;nbsp;del&amp;nbsp;objeto&lt;br&gt;@return&amp;nbsp;El&amp;nbsp;objeto&amp;nbsp;o&amp;nbsp;null&amp;nbsp;si&amp;nbsp;no&amp;nbsp;se&amp;nbsp;encuentra."/><publish:property canonicalName="Stereotype" name="Estereotipo" publish:category="UML" publish:value="documentación"/><publish:property anchor="#_92.y.m0.j.oUE.e.iX.h7.aUW1DK7.g" canonicalName="owner" name="Owner" publish:category="UML" publish:ismodellink="false" publish:value="find ( )" xmi:id="_9.wM2.oT.oUE.e.iX.h7.aUW1DK7.g"/><publish:property canonicalName="Keywords" name="Palabras clave" publish:category="UML"/></publish:properties></ownedComment><ownedParameter direction="return" name="ParámetroDeRetorno" publish:icon="139261296_icon.png" publish:qualifiedname="UMLModel::es::ucm::fdi::datos::MemoryDB::find::ParámetroDeRetorno" xmi:id="_92.zN4.j.oUE.e.iX.h7.aUW1DK7.g" xsi:type="uml:Parameter"><publish:properties><publish:property canonicalName="Alias" name="Alias" publish:category="UML"/><publish:property canonicalName="default" name="Default" publish:category="UML"/><publish:property canonicalName="defaultValue" name="Default Value" publish:category="UML"/><publish:property canonicalName="direction" name="Direction" publish:category="UML" publish:value="Return"/><publish:property canonicalName="effect" name="Effect" publish:category="UML" publish:value="Create"/><publish:property canonicalName="Stereotype" name="Estereotipo" publish:category="UML"/><publish:property canonicalName="isException" name="Is Exception" publish:category="UML" publish:value="false"/><publish:property canonicalName="isOrdered" name="Is Ordered" publish:category="UML" publish:value="false"/><publish:property canonicalName="isStream" name="Is Stream" publish:category="UML" publish:value="false"/><publish:property canonicalName="isUnique" name="Is Unique" publish:category="UML" publish:value="true"/><publish:property canonicalName="lower" name="Lower" publish:category="UML" publish:value="1"/><publish:property canonicalName="lowerValue" name="Lower Value" publish:category="UML"/><publish:property canonicalName="Multiplicity" name="Multiplicidad" publish:category="UML" publish:value="1"/><publish:property canonicalName="name" name="Name" publish:category="UML" publish:value="ParámetroDeRetorno"/><publish:property canonicalName="nameExpression" name="Name Expression" publish:category="UML"/><publish:property anchor="#_92.y.m0.j.oUE.e.iX.h7.aUW1DK7.g" canonicalName="namespace" name="Namespace" publish:category="UML" publish:ismodellink="false" publish:value="find ( )" xmi:id="_9.wM2.oT.oUE.e.iX.h7.aUW1DK7.g"/><publish:property anchor="#_92.y.m0.j.oUE.e.iX.h7.aUW1DK7.g" canonicalName="operation" name="Operation" publish:category="UML" publish:ismodellink="false" publish:value="find ( )" xmi:id="_9.wM2.oT.oUE.e.iX.h7.aUW1DK7.g"/><publish:property anchor="#_92.y.m0.j.oUE.e.iX.h7.aUW1DK7.g" canonicalName="owner" name="Owner" publish:category="UML" publish:ismodellink="false" publish:value="find ( )" xmi:id="_9.wM2.oT.oUE.e.iX.h7.aUW1DK7.g"/><publish:property canonicalName="owningTemplateParameter" name="Owning Template Parameter" publish:category="UML"/><publish:property canonicalName="Keywords" name="Palabras clave" publish:category="UML"/><publish:property canonicalName="qualifiedName" name="Qualified Name" publish:category="UML" publish:value="UMLModel::es::ucm::fdi::datos::MemoryDB::find::ParámetroDeRetorno"/><publish:property canonicalName="templateParameter" name="Template Parameter" publish:category="UML"/><publish:property canonicalName="type" name="Type" publish:category="UML" publish:ismodellink="false" publish:value="T" xmi:id="_9.wN.d.s.z.oUE.e.iX.h7.aUW1DK7.g"/><publish:property canonicalName="upper" name="Upper" publish:category="UML" publish:value="1"/><publish:property canonicalName="upperValue" name="Upper Value" publish:category="UML"/><publish:property canonicalName="visibility" name="Visibility" publish:category="UML" publish:value="Public"/></publish:properties></ownedParameter><ownedParameter direction="in" name="id" publish:icon="139263120_icon.png" publish:qualifiedname="UMLModel::es::ucm::fdi::datos::MemoryDB::find::id" xmi:id="_92.z08D.oUE.e.iX.h7.aUW1DK7.g" xsi:type="uml:Parameter"><publish:properties><publish:property canonicalName="Alias" name="Alias" publish:category="UML"/><publish:property canonicalName="default" name="Default" publish:category="UML"/><publish:property canonicalName="defaultValue" name="Default Value" publish:category="UML"/><publish:property canonicalName="direction" name="Direction" publish:category="UML" publish:value="In"/><publish:property canonicalName="effect" name="Effect" publish:category="UML" publish:value="Create"/><publish:property canonicalName="Stereotype" name="Estereotipo" publish:category="UML"/><publish:property canonicalName="isException" name="Is Exception" publish:category="UML" publish:value="false"/><publish:property canonicalName="isOrdered" name="Is Ordered" publish:category="UML" publish:value="false"/><publish:property canonicalName="isStream" name="Is Stream" publish:category="UML" publish:value="false"/><publish:property canonicalName="isUnique" name="Is Unique" publish:category="UML" publish:value="true"/><publish:property canonicalName="lower" name="Lower" publish:category="UML" publish:value="1"/><publish:property canonicalName="lowerValue" name="Lower Value" publish:category="UML"/><publish:property canonicalName="Multiplicity" name="Multiplicidad" publish:category="UML" publish:value="1"/><publish:property canonicalName="name" name="Name" publish:category="UML" publish:value="id"/><publish:property canonicalName="nameExpression" name="Name Expression" publish:category="UML"/><publish:property anchor="#_92.y.m0.j.oUE.e.iX.h7.aUW1DK7.g" canonicalName="namespace" name="Namespace" publish:category="UML" publish:ismodellink="false" publish:value="find ( )" xmi:id="_9.wM2.oT.oUE.e.iX.h7.aUW1DK7.g"/><publish:property anchor="#_92.y.m0.j.oUE.e.iX.h7.aUW1DK7.g" canonicalName="operation" name="Operation" publish:category="UML" publish:ismodellink="false" publish:value="find ( )" xmi:id="_9.wM2.oT.oUE.e.iX.h7.aUW1DK7.g"/><publish:property anchor="#_92.y.m0.j.oUE.e.iX.h7.aUW1DK7.g" canonicalName="owner" name="Owner" publish:category="UML" publish:ismodellink="false" publish:value="find ( )" xmi:id="_9.wM2.oT.oUE.e.iX.h7.aUW1DK7.g"/><publish:property canonicalName="owningTemplateParameter" name="Owning Template Parameter" publish:category="UML"/><publish:property canonicalName="Keywords" name="Palabras clave" publish:category="UML"/><publish:property canonicalName="qualifiedName" name="Qualified Name" publish:category="UML" publish:value="UMLModel::es::ucm::fdi::datos::MemoryDB::find::id"/><publish:property canonicalName="templateParameter" name="Template Parameter" publish:category="UML"/><publish:property canonicalName="type" name="Type" publish:category="UML" publish:value="String"/><publish:property canonicalName="upper" name="Upper" publish:category="UML" publish:value="1"/><publish:property canonicalName="upperValue" name="Upper Value" publish:category="UML"/><publish:property canonicalName="visibility" name="Visibility" publish:category="UML" publish:value="Public"/></publish:properties></ownedParameter></ownedOperation><ownedOperation name="removeId" publish:icon="137329536_icon.png" publish:qualifiedname="UMLModel::es::ucm::fdi::datos::MemoryDB::removeId" xmi:id="_92.z08T.oUE.e.iX.h7.aUW1DK7.g" xsi:type="uml:Operation"><publish:properties><publish:property canonicalName="Alias" name="Alias" publish:category="UML"/><publish:property canonicalName="bodyCondition" name="Body Condition" publish:category="UML"/><publish:property canonicalName="class" name="Class" publish:category="UML" publish:ismodellink="false" publish:value="MemoryDB" xmi:id="_9.wM2.oT.oUE.e.iX.h7.aUW1DK7.g"/><publish:property canonicalName="concurrency" name="Concurrency" publish:category="UML" publish:value="Guarded"/><publish:property canonicalName="datatype" name="Datatype" publish:category="UML"/><publish:property canonicalName="Stereotype" name="Estereotipo" publish:category="UML"/><publish:property canonicalName="interface" name="Interface" publish:category="UML"/><publish:property canonicalName="isAbstract" name="Is Abstract" publish:category="UML" publish:value="false"/><publish:property canonicalName="isLeaf" name="Is Leaf" publish:category="UML" publish:value="false"/><publish:property canonicalName="isOrdered" name="Is Ordered" publish:category="UML" publish:value="false"/><publish:property canonicalName="isQuery" name="Is Query" publish:category="UML" publish:value="false"/><publish:property canonicalName="isStatic" name="Is Static" publish:category="UML" publish:value="false"/><publish:property canonicalName="isUnique" name="Is Unique" publish:category="UML" publish:value="true"/><publish:property canonicalName="lower" name="Lower" publish:category="UML" publish:value="1"/><publish:property canonicalName="name" name="Name" publish:category="UML" publish:value="removeId"/><publish:property canonicalName="nameExpression" name="Name Expression" publish:category="UML"/><publish:property canonicalName="namespace" name="Namespace" publish:category="UML" publish:ismodellink="false" publish:value="MemoryDB" xmi:id="_9.wM2.oT.oUE.e.iX.h7.aUW1DK7.g"/><publish:property canonicalName="ownedTemplateSignature" name="Owned Template Signature" publish:category="UML"/><publish:property canonicalName="owner" name="Owner" publish:category="UML" publish:ismodellink="false" publish:value="MemoryDB" xmi:id="_9.wM2.oT.oUE.e.iX.h7.aUW1DK7.g"/><publish:property canonicalName="owningTemplateParameter" name="Owning Template Parameter" publish:category="UML"/><publish:property canonicalName="Keywords" name="Palabras clave" publish:category="UML"/><publish:property canonicalName="qualifiedName" name="Qualified Name" publish:category="UML" publish:value="UMLModel::es::ucm::fdi::datos::MemoryDB::removeId"/><publish:property canonicalName="templateParameter" name="Template Parameter" publish:category="UML"/><publish:property canonicalName="type" name="Type" publish:category="UML" publish:value="boolean"/><publish:property canonicalName="upper" name="Upper" publish:category="UML" publish:value="1"/><publish:property canonicalName="visibility" name="Visibility" publish:category="UML" publish:value="Public"/></publish:properties><ownedComment annotatedElement="_92.z08T.oUE.e.iX.h7.aUW1DK7.g" body="Se&amp;nbsp;borra&amp;nbsp;un&amp;nbsp;objeto&amp;nbsp;de&amp;nbsp;la&amp;nbsp;tabla&amp;nbsp;cuyo&amp;nbsp;identificador&amp;nbsp;coincida&amp;nbsp;con&amp;nbsp;el&amp;nbsp;suministrado&lt;br&gt;@param&amp;nbsp;id&amp;nbsp;identificador&amp;nbsp;de&amp;nbsp;la&amp;nbsp;tabla&lt;br&gt;@return&amp;nbsp;true&amp;nbsp;si&amp;nbsp;se&amp;nbsp;borra,&amp;nbsp;false&amp;nbsp;e.o.c." isDocumentation="true" isURL="false" name="&lt;Comment sin nombre&gt;" publish:icon="137355488_icon.png" publish:qualifiedname="UMLModel::es::ucm::fdi::datos::MemoryDB::removeId::&lt;Comment&gt;" xmi:id="_920.cAD.oUE.e.iX.h7.aUW1DK7.g" xsi:type="uml:Comment"><publish:properties><publish:property canonicalName="body" name="Body" publish:category="UML" publish:value="Se&amp;nbsp;borra&amp;nbsp;un&amp;nbsp;objeto&amp;nbsp;de&amp;nbsp;la&amp;nbsp;tabla&amp;nbsp;cuyo&amp;nbsp;identificador&amp;nbsp;coincida&amp;nbsp;con&amp;nbsp;el&amp;nbsp;suministrado&lt;br&gt;@param&amp;nbsp;id&amp;nbsp;identificador&amp;nbsp;de&amp;nbsp;la&amp;nbsp;tabla&lt;br&gt;@return&amp;nbsp;true&amp;nbsp;si&amp;nbsp;se&amp;nbsp;borra,&amp;nbsp;false&amp;nbsp;e.o.c."/><publish:property canonicalName="Stereotype" name="Estereotipo" publish:category="UML" publish:value="documentación"/><publish:property anchor="#_92.z08T.oUE.e.iX.h7.aUW1DK7.g" canonicalName="owner" name="Owner" publish:category="UML" publish:ismodellink="false" publish:value="removeId ( )" xmi:id="_9.wM2.oT.oUE.e.iX.h7.aUW1DK7.g"/><publish:property canonicalName="Keywords" name="Palabras clave" publish:category="UML"/></publish:properties></ownedComment><ownedParameter direction="return" name="ParámetroDeRetorno" publish:icon="139261296_icon.png" publish:qualifiedname="UMLModel::es::ucm::fdi::datos::MemoryDB::removeId::ParámetroDeRetorno" xmi:id="_920.cA.j.oUE.e.iX.h7.aUW1DK7.g" xsi:type="uml:Parameter"><publish:properties><publish:property canonicalName="Alias" name="Alias" publish:category="UML"/><publish:property canonicalName="default" name="Default" publish:category="UML"/><publish:property canonicalName="defaultValue" name="Default Value" publish:category="UML"/><publish:property canonicalName="direction" name="Direction" publish:category="UML" publish:value="Return"/><publish:property canonicalName="effect" name="Effect" publish:category="UML" publish:value="Create"/><publish:property canonicalName="Stereotype" name="Estereotipo" publish:category="UML"/><publish:property canonicalName="isException" name="Is Exception" publish:category="UML" publish:value="false"/><publish:property canonicalName="isOrdered" name="Is Ordered" publish:category="UML" publish:value="false"/><publish:property canonicalName="isStream" name="Is Stream" publish:category="UML" publish:value="false"/><publish:property canonicalName="isUnique" name="Is Unique" publish:category="UML" publish:value="true"/><publish:property canonicalName="lower" name="Lower" publish:category="UML" publish:value="1"/><publish:property canonicalName="lowerValue" name="Lower Value" publish:category="UML"/><publish:property canonicalName="Multiplicity" name="Multiplicidad" publish:category="UML" publish:value="1"/><publish:property canonicalName="name" name="Name" publish:category="UML" publish:value="ParámetroDeRetorno"/><publish:property canonicalName="nameExpression" name="Name Expression" publish:category="UML"/><publish:property anchor="#_92.z08T.oUE.e.iX.h7.aUW1DK7.g" canonicalName="namespace" name="Namespace" publish:category="UML" publish:ismodellink="false" publish:value="removeId ( )" xmi:id="_9.wM2.oT.oUE.e.iX.h7.aUW1DK7.g"/><publish:property anchor="#_92.z08T.oUE.e.iX.h7.aUW1DK7.g" canonicalName="operation" name="Operation" publish:category="UML" publish:ismodellink="false" publish:value="removeId ( )" xmi:id="_9.wM2.oT.oUE.e.iX.h7.aUW1DK7.g"/><publish:property anchor="#_92.z08T.oUE.e.iX.h7.aUW1DK7.g" canonicalName="owner" name="Owner" publish:category="UML" publish:ismodellink="false" publish:value="removeId ( )" xmi:id="_9.wM2.oT.oUE.e.iX.h7.aUW1DK7.g"/><publish:property canonicalName="owningTemplateParameter" name="Owning Template Parameter" publish:category="UML"/><publish:property canonicalName="Keywords" name="Palabras clave" publish:category="UML"/><publish:property canonicalName="qualifiedName" name="Qualified Name" publish:category="UML" publish:value="UMLModel::es::ucm::fdi::datos::MemoryDB::removeId::ParámetroDeRetorno"/><publish:property canonicalName="templateParameter" name="Template Parameter" publish:category="UML"/><publish:property canonicalName="type" name="Type" publish:category="UML" publish:value="boolean"/><publish:property canonicalName="upper" name="Upper" publish:category="UML" publish:value="1"/><publish:property canonicalName="upperValue" name="Upper Value" publish:category="UML"/><publish:property canonicalName="visibility" name="Visibility" publish:category="UML" publish:value="Public"/></publish:properties></ownedParameter><ownedParameter direction="in" name="id" publish:icon="139263120_icon.png" publish:qualifiedname="UMLModel::es::ucm::fdi::datos::MemoryDB::removeId::id" xmi:id="_921DED.oUE.e.iX.h7.aUW1DK7.g" xsi:type="uml:Parameter"><publish:properties><publish:property canonicalName="Alias" name="Alias" publish:category="UML"/><publish:property canonicalName="default" name="Default" publish:category="UML"/><publish:property canonicalName="defaultValue" name="Default Value" publish:category="UML"/><publish:property canonicalName="direction" name="Direction" publish:category="UML" publish:value="In"/><publish:property canonicalName="effect" name="Effect" publish:category="UML" publish:value="Create"/><publish:property canonicalName="Stereotype" name="Estereotipo" publish:category="UML"/><publish:property canonicalName="isException" name="Is Exception" publish:category="UML" publish:value="false"/><publish:property canonicalName="isOrdered" name="Is Ordered" publish:category="UML" publish:value="false"/><publish:property canonicalName="isStream" name="Is Stream" publish:category="UML" publish:value="false"/><publish:property canonicalName="isUnique" name="Is Unique" publish:category="UML" publish:value="true"/><publish:property canonicalName="lower" name="Lower" publish:category="UML" publish:value="1"/><publish:property canonicalName="lowerValue" name="Lower Value" publish:category="UML"/><publish:property canonicalName="Multiplicity" name="Multiplicidad" publish:category="UML" publish:value="1"/><publish:property canonicalName="name" name="Name" publish:category="UML" publish:value="id"/><publish:property canonicalName="nameExpression" name="Name Expression" publish:category="UML"/><publish:property anchor="#_92.z08T.oUE.e.iX.h7.aUW1DK7.g" canonicalName="namespace" name="Namespace" publish:category="UML" publish:ismodellink="false" publish:value="removeId ( )" xmi:id="_9.wM2.oT.oUE.e.iX.h7.aUW1DK7.g"/><publish:property anchor="#_92.z08T.oUE.e.iX.h7.aUW1DK7.g" canonicalName="operation" name="Operation" publish:category="UML" publish:ismodellink="false" publish:value="removeId ( )" xmi:id="_9.wM2.oT.oUE.e.iX.h7.aUW1DK7.g"/><publish:property anchor="#_92.z08T.oUE.e.iX.h7.aUW1DK7.g" canonicalName="owner" name="Owner" publish:category="UML" publish:ismodellink="false" publish:value="removeId ( )" xmi:id="_9.wM2.oT.oUE.e.iX.h7.aUW1DK7.g"/><publish:property canonicalName="owningTemplateParameter" name="Owning Template Parameter" publish:category="UML"/><publish:property canonicalName="Keywords" name="Palabras clave" publish:category="UML"/><publish:property canonicalName="qualifiedName" name="Qualified Name" publish:category="UML" publish:value="UMLModel::es::ucm::fdi::datos::MemoryDB::removeId::id"/><publish:property canonicalName="templateParameter" name="Template Parameter" publish:category="UML"/><publish:property canonicalName="type" name="Type" publish:category="UML" publish:value="String"/><publish:property canonicalName="upper" name="Upper" publish:category="UML" publish:value="1"/><publish:property canonicalName="upperValue" name="Upper Value" publish:category="UML"/><publish:property canonicalName="visibility" name="Visibility" publish:category="UML" publish:value="Public"/></publish:properties></ownedParameter></ownedOperation><ownedOperation name="print" publish:icon="137329536_icon.png" publish:qualifiedname="UMLModel::es::ucm::fdi::datos::MemoryDB::print" xmi:id="_921DET.oUE.e.iX.h7.aUW1DK7.g" xsi:type="uml:Operation"><publish:properties><publish:property canonicalName="Alias" name="Alias" publish:category="UML"/><publish:property canonicalName="bodyCondition" name="Body Condition" publish:category="UML"/><publish:property canonicalName="class" name="Class" publish:category="UML" publish:ismodellink="false" publish:value="MemoryDB" xmi:id="_9.wM2.oT.oUE.e.iX.h7.aUW1DK7.g"/><publish:property canonicalName="concurrency" name="Concurrency" publish:category="UML" publish:value="Sequential"/><publish:property canonicalName="datatype" name="Datatype" publish:category="UML"/><publish:property canonicalName="Stereotype" name="Estereotipo" publish:category="UML"/><publish:property canonicalName="interface" name="Interface" publish:category="UML"/><publish:property canonicalName="isAbstract" name="Is Abstract" publish:category="UML" publish:value="false"/><publish:property canonicalName="isLeaf" name="Is Leaf" publish:category="UML" publish:value="false"/><publish:property canonicalName="isOrdered" name="Is Ordered" publish:category="UML" publish:value="false"/><publish:property canonicalName="isQuery" name="Is Query" publish:category="UML" publish:value="false"/><publish:property canonicalName="isStatic" name="Is Static" publish:category="UML" publish:value="false"/><publish:property canonicalName="isUnique" name="Is Unique" publish:category="UML" publish:value="true"/><publish:property canonicalName="lower" name="Lower" publish:category="UML" publish:value="1"/><publish:property canonicalName="name" name="Name" publish:category="UML" publish:value="print"/><publish:property canonicalName="nameExpression" name="Name Expression" publish:category="UML"/><publish:property canonicalName="namespace" name="Namespace" publish:category="UML" publish:ismodellink="false" publish:value="MemoryDB" xmi:id="_9.wM2.oT.oUE.e.iX.h7.aUW1DK7.g"/><publish:property canonicalName="ownedTemplateSignature" name="Owned Template Signature" publish:category="UML"/><publish:property canonicalName="owner" name="Owner" publish:category="UML" publish:ismodellink="false" publish:value="MemoryDB" xmi:id="_9.wM2.oT.oUE.e.iX.h7.aUW1DK7.g"/><publish:property canonicalName="owningTemplateParameter" name="Owning Template Parameter" publish:category="UML"/><publish:property canonicalName="Keywords" name="Palabras clave" publish:category="UML"/><publish:property canonicalName="qualifiedName" name="Qualified Name" publish:category="UML" publish:value="UMLModel::es::ucm::fdi::datos::MemoryDB::print"/><publish:property canonicalName="templateParameter" name="Template Parameter" publish:category="UML"/><publish:property canonicalName="type" name="Type" publish:category="UML"/><publish:property canonicalName="upper" name="Upper" publish:category="UML" publish:value="1"/><publish:property canonicalName="visibility" name="Visibility" publish:category="UML" publish:value="Public"/></publish:properties><ownedComment annotatedElement="_921DET.oUE.e.iX.h7.aUW1DK7.g" body="Imprime&amp;nbsp;la&amp;nbsp;tabla&amp;nbsp;por&amp;nbsp;el&amp;nbsp;flujo&amp;nbsp;de&amp;nbsp;salida&amp;nbsp;indicado.&amp;nbsp;Se&amp;nbsp;puede&amp;nbsp;&lt;br&gt;dirigir&amp;nbsp;a&amp;nbsp;un&amp;nbsp;fichero&amp;nbsp;o&amp;nbsp;a&amp;nbsp;la&amp;nbsp;salida&amp;nbsp;estándar.&lt;br&gt;&amp;nbsp;&lt;br&gt;@param&amp;nbsp;os&amp;nbsp;flujo&amp;nbsp;donde&amp;nbsp;volcar&amp;nbsp;la&amp;nbsp;salida" isDocumentation="true" isURL="false" name="&lt;Comment sin nombre&gt;" publish:icon="137355488_icon.png" publish:qualifiedname="UMLModel::es::ucm::fdi::datos::MemoryDB::print::&lt;Comment&gt;" xmi:id="_921DE.j.oUE.e.iX.h7.aUW1DK7.g" xsi:type="uml:Comment"><publish:properties><publish:property canonicalName="body" name="Body" publish:category="UML" publish:value="Imprime&amp;nbsp;la&amp;nbsp;tabla&amp;nbsp;por&amp;nbsp;el&amp;nbsp;flujo&amp;nbsp;de&amp;nbsp;salida&amp;nbsp;indicado.&amp;nbsp;Se&amp;nbsp;puede&amp;nbsp;&lt;br&gt;dirigir&amp;nbsp;a&amp;nbsp;un&amp;nbsp;fichero&amp;nbsp;o&amp;nbsp;a&amp;nbsp;la&amp;nbsp;salida&amp;nbsp;estándar.&lt;br&gt;&amp;nbsp;&lt;br&gt;@param&amp;nbsp;os&amp;nbsp;flujo&amp;nbsp;donde&amp;nbsp;volcar&amp;nbsp;la&amp;nbsp;salida"/><publish:property canonicalName="Stereotype" name="Estereotipo" publish:category="UML" publish:value="documentación"/><publish:property anchor="#_921DET.oUE.e.iX.h7.aUW1DK7.g" canonicalName="owner" name="Owner" publish:category="UML" publish:ismodellink="false" publish:value="print ( )" xmi:id="_9.wM2.oT.oUE.e.iX.h7.aUW1DK7.g"/><publish:property canonicalName="Keywords" name="Palabras clave" publish:category="UML"/></publish:properties></ownedComment><ownedParameter direction="in" name="os" publish:icon="139263120_icon.png" publish:qualifiedname="UMLModel::es::ucm::fdi::datos::MemoryDB::print::os" xmi:id="_922RMD.oUE.e.iX.h7.aUW1DK7.g" xsi:type="uml:Parameter"><publish:properties><publish:property canonicalName="Alias" name="Alias" publish:category="UML"/><publish:property canonicalName="default" name="Default" publish:category="UML"/><publish:property canonicalName="defaultValue" name="Default Value" publish:category="UML"/><publish:property canonicalName="direction" name="Direction" publish:category="UML" publish:value="In"/><publish:property canonicalName="effect" name="Effect" publish:category="UML" publish:value="Create"/><publish:property canonicalName="Stereotype" name="Estereotipo" publish:category="UML"/><publish:property canonicalName="isException" name="Is Exception" publish:category="UML" publish:value="false"/><publish:property canonicalName="isOrdered" name="Is Ordered" publish:category="UML" publish:value="false"/><publish:property canonicalName="isStream" name="Is Stream" publish:category="UML" publish:value="false"/><publish:property canonicalName="isUnique" name="Is Unique" publish:category="UML" publish:value="true"/><publish:property canonicalName="lower" name="Lower" publish:category="UML" publish:value="1"/><publish:property canonicalName="lowerValue" name="Lower Value" publish:category="UML"/><publish:property canonicalName="Multiplicity" name="Multiplicidad" publish:category="UML" publish:value="1"/><publish:property canonicalName="name" name="Name" publish:category="UML" publish:value="os"/><publish:property canonicalName="nameExpression" name="Name Expression" publish:category="UML"/><publish:property anchor="#_921DET.oUE.e.iX.h7.aUW1DK7.g" canonicalName="namespace" name="Namespace" publish:category="UML" publish:ismodellink="false" publish:value="print ( )" xmi:id="_9.wM2.oT.oUE.e.iX.h7.aUW1DK7.g"/><publish:property anchor="#_921DET.oUE.e.iX.h7.aUW1DK7.g" canonicalName="operation" name="Operation" publish:category="UML" publish:ismodellink="false" publish:value="print ( )" xmi:id="_9.wM2.oT.oUE.e.iX.h7.aUW1DK7.g"/><publish:property anchor="#_921DET.oUE.e.iX.h7.aUW1DK7.g" canonicalName="owner" name="Owner" publish:category="UML" publish:ismodellink="false" publish:value="print ( )" xmi:id="_9.wM2.oT.oUE.e.iX.h7.aUW1DK7.g"/><publish:property canonicalName="owningTemplateParameter" name="Owning Template Parameter" publish:category="UML"/><publish:property canonicalName="Keywords" name="Palabras clave" publish:category="UML"/><publish:property canonicalName="qualifiedName" name="Qualified Name" publish:category="UML" publish:value="UMLModel::es::ucm::fdi::datos::MemoryDB::print::os"/><publish:property canonicalName="templateParameter" name="Template Parameter" publish:category="UML"/><publish:property canonicalName="type" name="Type" publish:category="UML" publish:value="«Clase Java» OutputStream"/><publish:property canonicalName="upper" name="Upper" publish:category="UML" publish:value="1"/><publish:property canonicalName="upperValue" name="Upper Value" publish:category="UML"/><publish:property canonicalName="visibility" name="Visibility" publish:category="UML" publish:value="Public"/></publish:properties></ownedParameter></ownedOperation><ownedOperation name="toString" publish:icon="137329536_icon.png" publish:qualifiedname="UMLModel::es::ucm::fdi::datos::MemoryDB::toString" xmi:id="_922RMT.oUE.e.iX.h7.aUW1DK7.g" xsi:type="uml:Operation"><publish:properties><publish:property canonicalName="Alias" name="Alias" publish:category="UML"/><publish:property canonicalName="bodyCondition" name="Body Condition" publish:category="UML"/><publish:property canonicalName="class" name="Class" publish:category="UML" publish:ismodellink="false" publish:value="MemoryDB" xmi:id="_9.wM2.oT.oUE.e.iX.h7.aUW1DK7.g"/><publish:property canonicalName="concurrency" name="Concurrency" publish:category="UML" publish:value="Sequential"/><publish:property canonicalName="datatype" name="Datatype" publish:category="UML"/><publish:property canonicalName="Stereotype" name="Estereotipo" publish:category="UML"/><publish:property canonicalName="interface" name="Interface" publish:category="UML"/><publish:property canonicalName="isAbstract" name="Is Abstract" publish:category="UML" publish:value="false"/><publish:property canonicalName="isLeaf" name="Is Leaf" publish:category="UML" publish:value="false"/><publish:property canonicalName="isOrdered" name="Is Ordered" publish:category="UML" publish:value="false"/><publish:property canonicalName="isQuery" name="Is Query" publish:category="UML" publish:value="false"/><publish:property canonicalName="isStatic" name="Is Static" publish:category="UML" publish:value="false"/><publish:property canonicalName="isUnique" name="Is Unique" publish:category="UML" publish:value="true"/><publish:property canonicalName="lower" name="Lower" publish:category="UML" publish:value="1"/><publish:property canonicalName="name" name="Name" publish:category="UML" publish:value="toString"/><publish:property canonicalName="nameExpression" name="Name Expression" publish:category="UML"/><publish:property canonicalName="namespace" name="Namespace" publish:category="UML" publish:ismodellink="false" publish:value="MemoryDB" xmi:id="_9.wM2.oT.oUE.e.iX.h7.aUW1DK7.g"/><publish:property canonicalName="ownedTemplateSignature" name="Owned Template Signature" publish:category="UML"/><publish:property canonicalName="owner" name="Owner" publish:category="UML" publish:ismodellink="false" publish:value="MemoryDB" xmi:id="_9.wM2.oT.oUE.e.iX.h7.aUW1DK7.g"/><publish:property canonicalName="owningTemplateParameter" name="Owning Template Parameter" publish:category="UML"/><publish:property canonicalName="Keywords" name="Palabras clave" publish:category="UML"/><publish:property canonicalName="qualifiedName" name="Qualified Name" publish:category="UML" publish:value="UMLModel::es::ucm::fdi::datos::MemoryDB::toString"/><publish:property canonicalName="templateParameter" name="Template Parameter" publish:category="UML"/><publish:property canonicalName="type" name="Type" publish:category="UML" publish:value="String"/><publish:property canonicalName="upper" name="Upper" publish:category="UML" publish:value="1"/><publish:property canonicalName="visibility" name="Visibility" publish:category="UML" publish:value="Public"/></publish:properties><ownedComment annotatedElement="_922RMT.oUE.e.iX.h7.aUW1DK7.g" body="Convierte&amp;nbsp;la&amp;nbsp;BD&amp;nbsp;a&amp;nbsp;una&amp;nbsp;cadena" isDocumentation="true" isURL="false" name="&lt;Comment sin nombre&gt;" publish:icon="137355488_icon.png" publish:qualifiedname="UMLModel::es::ucm::fdi::datos::MemoryDB::toString::&lt;Comment&gt;" xmi:id="_9224QD.oUE.e.iX.h7.aUW1DK7.g" xsi:type="uml:Comment"><publish:properties><publish:property canonicalName="body" name="Body" publish:category="UML" publish:value="Convierte&amp;nbsp;la&amp;nbsp;BD&amp;nbsp;a&amp;nbsp;una&amp;nbsp;cadena"/><publish:property canonicalName="Stereotype" name="Estereotipo" publish:category="UML" publish:value="documentación"/><publish:property anchor="#_922RMT.oUE.e.iX.h7.aUW1DK7.g" canonicalName="owner" name="Owner" publish:category="UML" publish:ismodellink="false" publish:value="toString ( )" xmi:id="_9.wM2.oT.oUE.e.iX.h7.aUW1DK7.g"/><publish:property canonicalName="Keywords" name="Palabras clave" publish:category="UML"/></publish:properties></ownedComment><ownedParameter direction="return" name="ParámetroDeRetorno" publish:icon="139261296_icon.png" publish:qualifiedname="UMLModel::es::ucm::fdi::datos::MemoryDB::toString::ParámetroDeRetorno" xmi:id="_9224Q.j.oUE.e.iX.h7.aUW1DK7.g" xsi:type="uml:Parameter"><publish:properties><publish:property canonicalName="Alias" name="Alias" publish:category="UML"/><publish:property canonicalName="default" name="Default" publish:category="UML"/><publish:property canonicalName="defaultValue" name="Default Value" publish:category="UML"/><publish:property canonicalName="direction" name="Direction" publish:category="UML" publish:value="Return"/><publish:property canonicalName="effect" name="Effect" publish:category="UML" publish:value="Create"/><publish:property canonicalName="Stereotype" name="Estereotipo" publish:category="UML"/><publish:property canonicalName="isException" name="Is Exception" publish:category="UML" publish:value="false"/><publish:property canonicalName="isOrdered" name="Is Ordered" publish:category="UML" publish:value="false"/><publish:property canonicalName="isStream" name="Is Stream" publish:category="UML" publish:value="false"/><publish:property canonicalName="isUnique" name="Is Unique" publish:category="UML" publish:value="true"/><publish:property canonicalName="lower" name="Lower" publish:category="UML" publish:value="1"/><publish:property canonicalName="lowerValue" name="Lower Value" publish:category="UML"/><publish:property canonicalName="Multiplicity" name="Multiplicidad" publish:category="UML" publish:value="1"/><publish:property canonicalName="name" name="Name" publish:category="UML" publish:value="ParámetroDeRetorno"/><publish:property canonicalName="nameExpression" name="Name Expression" publish:category="UML"/><publish:property anchor="#_922RMT.oUE.e.iX.h7.aUW1DK7.g" canonicalName="namespace" name="Namespace" publish:category="UML" publish:ismodellink="false" publish:value="toString ( )" xmi:id="_9.wM2.oT.oUE.e.iX.h7.aUW1DK7.g"/><publish:property anchor="#_922RMT.oUE.e.iX.h7.aUW1DK7.g" canonicalName="operation" name="Operation" publish:category="UML" publish:ismodellink="false" publish:value="toString ( )" xmi:id="_9.wM2.oT.oUE.e.iX.h7.aUW1DK7.g"/><publish:property anchor="#_922RMT.oUE.e.iX.h7.aUW1DK7.g" canonicalName="owner" name="Owner" publish:category="UML" publish:ismodellink="false" publish:value="toString ( )" xmi:id="_9.wM2.oT.oUE.e.iX.h7.aUW1DK7.g"/><publish:property canonicalName="owningTemplateParameter" name="Owning Template Parameter" publish:category="UML"/><publish:property canonicalName="Keywords" name="Palabras clave" publish:category="UML"/><publish:property canonicalName="qualifiedName" name="Qualified Name" publish:category="UML" publish:value="UMLModel::es::ucm::fdi::datos::MemoryDB::toString::ParámetroDeRetorno"/><publish:property canonicalName="templateParameter" name="Template Parameter" publish:category="UML"/><publish:property canonicalName="type" name="Type" publish:category="UML" publish:value="String"/><publish:property canonicalName="upper" name="Upper" publish:category="UML" publish:value="1"/><publish:property canonicalName="upperValue" name="Upper Value" publish:category="UML"/><publish:property canonicalName="visibility" name="Visibility" publish:category="UML" publish:value="Public"/></publish:properties></ownedParameter></ownedOperation></packagedElement></packagedElement>