<?xml version="1.0" encoding="UTF-8"?><uml:Model xmlns:uml="http://www.eclipse.org/uml2/1.0.0/UML" name="UMLModel" xmlns:publish="http://www.ibm.com/Rational/XTools/Publish" publish:diagramFormat="SVG" publish:icon="-57206976_icon.png" publish:modelname="UMLModel" publish:profiles="Standard, Default, Deployment, JavaTransformation5.0" publish:qualifiedname="UMLModel" publish:sortOrder="storage" publish:toplevelguid="_VF.l.aMD.l8E.e.i7.y9.jAWNC.kB.g" xmlns:xmi="http://www.omg.org/XMI" xmi:id="_VF.l.aMD.l8E.e.i7.y9.jAWNC.kB.g" xmi:version="2.0" xmlns:com.ibm.xtools.notation="http:///com/ibm/xtools/notation.ecore" xmlns:xsi="http://www.w3.org/2001/XMLSchema-instance" xsi:type="uml:Model"><publish:properties><publish:property canonicalName="Alias" name="Alias" publish:category="UML"/><publish:property canonicalName="Stereotype" name="Estereotipo" publish:category="UML"/><publish:property canonicalName="name" name="Name" publish:category="UML" publish:value="UMLModel"/><publish:property canonicalName="nameExpression" name="Name Expression" publish:category="UML"/><publish:property canonicalName="namespace" name="Namespace" publish:category="UML"/><publish:property canonicalName="nestingPackage" name="Nesting Package" publish:category="UML"/><publish:property canonicalName="ownedTemplateSignature" name="Owned Template Signature" publish:category="UML"/><publish:property canonicalName="owner" name="Owner" publish:category="UML"/><publish:property canonicalName="owningTemplateParameter" name="Owning Template Parameter" publish:category="UML"/><publish:property canonicalName="Keywords" name="Palabras clave" publish:category="UML"/><publish:property canonicalName="qualifiedName" name="Qualified Name" publish:category="UML" publish:value="UMLModel"/><publish:property canonicalName="templateParameter" name="Template Parameter" publish:category="UML"/><publish:property canonicalName="viewpoint" name="Viewpoint" publish:category="UML"/><publish:property canonicalName="visibility" name="Visibility" publish:category="UML" publish:value="Public"/></publish:properties><appliedProfiles><profile name="Standard" visibility="public"/><profile name="Default" visibility="public"/><profile name="Deployment" visibility="public"/><profile name="JavaTransformation5.0" visibility="public"/></appliedProfiles><contents Type="Class" isDefault="false" name="ClassDiagram" publish:icon="-56951984_icon.png" publish:imageType="SVG" publish:imgHeight="3507" publish:imgWidth="2346" publish:qualifiedname="UMLModel::ClassDiagram" xmi:id="_.h4I.f.oD.l8E.e.i7.y9.jAWNC.kB.g" xsi:type="notation:Diagram"><publish:properties><publish:property canonicalName="pageHeight" name="Altura de página" publish:category="Ver" publish:value="100"/><publish:property canonicalName="pageWidth" name="Anchura de página" publish:category="Ver" publish:value="100"/><publish:property canonicalName="description" name="Descripción" publish:category="Ver"/><publish:property canonicalName="linkLayout" name="Diseño de enlace" publish:category="Ver" publish:value="Ninguno"/><publish:property canonicalName="labelLayout" name="Diseño de etiqueta" publish:category="Ver" publish:value="Ninguno"/><publish:property canonicalName="graphLayout" name="Diseño de gráfico" publish:category="Ver" publish:value="VerticalOrtogonalJerárquico"/><publish:property canonicalName="styles" name="Estilos" publish:category="Ver"/><publish:property canonicalName="name" name="Nombre" publish:category="Ver" publish:value="ClassDiagram"/><publish:property canonicalName="pageX" name="Página X" publish:category="Ver" publish:value="0"/><publish:property canonicalName="pageY" name="Página Y" publish:category="Ver" publish:value="0"/><publish:property canonicalName="measurementUnit" name="Unidad de medida" publish:category="Ver" publish:value="Himetric"/><publish:property canonicalName="useAliasName" name="Utilizar nombre de alias" publish:category="Ver" publish:value="false"/></publish:properties></contents><packageImport name="&lt;PackageImport sin nombre&gt;" publish:icon="-40523776_icon.png" publish:qualifiedname="UMLModel::&lt;PackageImport&gt;" xmi:id="_VF.l.aM.z.l8E.e.i7.y9.jAWNC.kB.g" xsi:type="uml:PackageImport"><publish:properties><publish:property canonicalName="Stereotype" name="Estereotipo" publish:category="UML"/><publish:property canonicalName="importedPackage" name="Imported Package" publish:category="UML" publish:value="«modelLibrary» UMLPrimitiveTypes"/><publish:property canonicalName="importingNamespace" name="Importing Namespace" publish:category="UML" publish:ismodellink="true" publish:value="UMLModel" xmi:id="_VF.l.aMD.l8E.e.i7.y9.jAWNC.kB.g"/><publish:property canonicalName="owner" name="Owner" publish:category="UML" publish:ismodellink="true" publish:value="UMLModel" xmi:id="_VF.l.aMD.l8E.e.i7.y9.jAWNC.kB.g"/><publish:property canonicalName="Keywords" name="Palabras clave" publish:category="UML"/><publish:property canonicalName="visibility" name="Visibility" publish:category="UML" publish:value="Public"/></publish:properties></packageImport><packageImport name="&lt;PackageImport sin nombre&gt;" publish:icon="-40523776_icon.png" publish:qualifiedname="UMLModel::&lt;PackageImport&gt;" xmi:id="_VF.l.aND.l8E.e.i7.y9.jAWNC.kB.g" xsi:type="uml:PackageImport"><publish:properties><publish:property canonicalName="Stereotype" name="Estereotipo" publish:category="UML"/><publish:property canonicalName="importedPackage" name="Imported Package" publish:category="UML" publish:value="«modelLibrary» JavaPrimitiveTypes"/><publish:property canonicalName="importingNamespace" name="Importing Namespace" publish:category="UML" publish:ismodellink="true" publish:value="UMLModel" xmi:id="_VF.l.aMD.l8E.e.i7.y9.jAWNC.kB.g"/><publish:property canonicalName="owner" name="Owner" publish:category="UML" publish:ismodellink="true" publish:value="UMLModel" xmi:id="_VF.l.aMD.l8E.e.i7.y9.jAWNC.kB.g"/><publish:property canonicalName="Keywords" name="Palabras clave" publish:category="UML"/><publish:property canonicalName="visibility" name="Visibility" publish:category="UML" publish:value="Public"/></publish:properties></packageImport></uml:Model>