<?xml version="1.0" encoding="UTF-8"?><publish:packages xmlns:publish="http://www.ibm.com/Rational/XTools/Publish" xmlns:xmi="http://www.omg.org/XMI"><publish:package name="fdi" publish:icon="-57254448_icon.png" publish:qualifiedname="UMLModel::es::ucm::fdi" xmi:id="_9.v.l.y.o.j.oUE.e.iX.h7.aUW1DK7.g"/><publish:package name="datos" publish:icon="-57254448_icon.png" publish:qualifiedname="UMLModel::es::ucm::fdi::datos" xmi:id="_9.wM2.oD.oUE.e.iX.h7.aUW1DK7.g"/><publish:package name="workspace" publish:icon="-57254448_icon.png" publish:qualifiedname="UMLModel::es::ucm::fdi::workspace" xmi:id="_9.v.l.y.o.z.oUE.e.iX.h7.aUW1DK7.g"/><publish:package name="types" publish:icon="-57254448_icon.png" publish:qualifiedname="UMLModel::es::ucm::fdi::workspace::function::types" xmi:id="_9.v.n.n0.j.oUE.e.iX.h7.aUW1DK7.g"/><publish:package name="connectivity" publish:icon="-57254448_icon.png" publish:qualifiedname="UMLModel::es::ucm::fdi::connectivity" xmi:id="_9.v0.cI.j.oUE.e.iX.h7.aUW1DK7.g"/><publish:package name="users" publish:icon="-57254448_icon.png" publish:qualifiedname="UMLModel::es::ucm::fdi::users" xmi:id="_9.v.t.u.c.j.oUE.e.iX.h7.aUW1DK7.g"/><publish:package name="transformations" publish:icon="-57254448_icon.png" publish:qualifiedname="UMLModel::es::ucm::fdi::workspace::transformations" xmi:id="_9.v57.s.z.oUE.e.iX.h7.aUW1DK7.g"/><publish:package name="util" publish:icon="-57254448_icon.png" publish:qualifiedname="UMLModel::es::ucm::fdi::util" xmi:id="_9.v.o18.j.oUE.e.iX.h7.aUW1DK7.g"/><publish:package name="ucm" publish:icon="-57254448_icon.png" publish:qualifiedname="UMLModel::es::ucm" xmi:id="_9.v.l.y.oT.oUE.e.iX.h7.aUW1DK7.g"/><publish:package name="binarytypes" publish:icon="-57254448_icon.png" publish:qualifiedname="UMLModel::es::ucm::fdi::workspace::function::binarytypes" xmi:id="_9.v.mZ.sT.oUE.e.iX.h7.aUW1DK7.g"/><publish:package name="PrimitiveTypes" publish:icon="-57254448_icon.png" publish:qualifiedname="UMLModel::PrimitiveTypes" xmi:id="_LS6-.kD.mCE.e.i7.y9.jAWNC.kB.g"/><publish:package name="project" publish:icon="-57254448_icon.png" publish:qualifiedname="UMLModel::es::ucm::fdi::workspace::project" xmi:id="_9.v.nA.wT.oUE.e.iX.h7.aUW1DK7.g"/><publish:package name="exceptions" publish:icon="-57254448_icon.png" publish:qualifiedname="UMLModel::es::ucm::fdi::exceptions" xmi:id="_9.wB3.gT.oUE.e.iX.h7.aUW1DK7.g"/><publish:package name="es" publish:icon="-57254448_icon.png" publish:qualifiedname="UMLModel::es" xmi:id="_9.v.l.y.oD.oUE.e.iX.h7.aUW1DK7.g"/><publish:package name="function" publish:icon="-57254448_icon.png" publish:qualifiedname="UMLModel::es::ucm::fdi::workspace::function" xmi:id="_9.v.mZ.sD.oUE.e.iX.h7.aUW1DK7.g"/><publish:package name="unarytypes" publish:icon="-57254448_icon.png" publish:qualifiedname="UMLModel::es::ucm::fdi::workspace::function::unarytypes" xmi:id="_9.v.q.rI.z.oUE.e.iX.h7.aUW1DK7.g"/></publish:packages>